TRANSCRIPT_TEXT,REVIEW_DATE,BRANCH_NUMBER,REGION_NUMBER,CUSTOMER_ID
"Visité la sucursal de Bank Corp y la experiencia con la cajera fue buena: profesional, atenta y resolvió mi trámite con claridad. Aprecié su paciencia y explicación de las opciones. La única mejora sería reducir el tiempo de espera; por lo demás, me voy con una impresión positiva y volvería por la atención recibida.",2025-06-16,26,1,15
"Ich war kürzlich in einer Filiale von Bank Corp. Die Wartezeit im Inneren war etwas länger als erwartet (ca. 20–25 Minuten), aber das Personal war freundlich und hat sich entschuldigt. Sobald ich dran war, verlief alles zügig und kompetent. Die Atmosphäre in der Filiale ist angenehm, und die Mitarbeiter nahmen sich Zeit für meine Fragen. Insgesamt würde ich Bank Corp trotz der kurzen Wartezeit weiterempfehlen.",2025-07-18,6,5,528
"Terrible experiencia al intentar acceder a mi caja de seguridad en Bank Corp. Citas canceladas, personal indiferente y protocolos contradictorios que me dejaron horas esperando. Me negaron acceso sin explicación clara y la supuesta ""seguridad"" es un desastre administrativo. No confío en dejar nada allí. Eviten esta sucursal: incompetencia y falta de respeto total con los clientes.",2025-07-18,19,1,138
Visitei uma agência do Bank Corp recentemente. O tempo de espera dentro da agência foi moderado — esperei cerca de 15–20 minutos para ser atendido. A sala de espera estava organizada e os funcionários foram cordiais quando começaram o atendimento. Seria ideal ter mais guichês abertos em horários de pico para reduzir a fila.,2025-07-29,40,4,676
"J’ai visité une agence Bank Corp récemment. Les locaux sont généralement propres et bien entretenus, avec un éclairage suffisant et des distributeurs automatiques fonctionnels. Cependant, la signalisation intérieure peut prêter à confusion et l’espace d’attente est parfois limité ; l’accessibilité pour les personnes à mobilité réduite est correcte mais perfectible.",2025-09-03,11,5,185
"Mein Besuch bei Bank Corp war enttäuschend. Die Schalterkraft wirkte unaufmerksam, beantwortete Fragen nur knapp und machte einen Buchungsfehler, den ich erst selbst bemerken musste. Wartezeit zu lang, keine Entschuldigung, keine klare Erklärung der Gebühren. Professionalität und Freundlichkeit lassen zu wünschen übrig. Ich erwarte besser geschultes Personal und mehr Sorgfalt bei Transaktionen.",2025-06-26,21,3,589
"I had an outstanding experience at my local Bank Corp branch. The teller was professional, friendly, and extremely knowledgeable—handling my transaction quickly while explaining everything clearly. They anticipated my needs, answered questions patiently, and made me feel valued as a customer. Their efficiency and genuine care turned a routine visit into a great experience. Highly recommend Bank Corp’s team!",2025-07-19,12,1,156
"Visite récente d'une agence Bank Corp. L'espace est propre et bien entretenu, avec des guichets fonctionnels et des distributeurs automatiques opérationnels. La salle d'attente est correcte mais le nombre de sièges peut être insuffisant aux heures de pointe. La signalétique interne manque parfois de clarté, rendant l'orientation un peu confuse. Globalement, les conditions sont satisfaisantes, mais quelques améliorations d'accessibilité et d'information seraient utiles.",2025-07-09,40,1,128
"Bei Bank Corp im Drive‑Thru war ich begeistert: nur wenige Minuten Wartezeit, sehr effiziente und überaus freundliche Mitarbeiter. Alles lief reibungslos, meine Anliegen wurden schnell und kompetent erledigt. Ideal für vielbeschäftigte Kunden — ich komme gern wieder und empfehle diese Filiale jederzeit weiter.",2025-08-26,22,3,512
Terrible experience at Bank Corp drive-thru. Waited 25+ minutes with no explanation while only one lane was staffed; employees seemed indifferent. Missed an important appointment because of their incompetence. Completely unacceptable for a bank — I'll be closing my accounts if this doesn't change.,2025-06-15,8,4,609
"Visitei a agência da Bank Corp e saí desapontado com as condições do local. Sala de espera apertada, cadeiras desgastadas e limpeza abaixo do esperado; o banheiro estava mal conservado. Ar-condicionado funciona de forma irregular e a sinalização é confusa. Os funcionários foram educados, mas a infraestrutura precisa de melhorias urgentes para um atendimento mais confortável e acessível.",2025-06-29,48,1,25
"Fui al drive-thru de Bank Corp y la espera fue demasiado larga. Solo había un cajero y tardaron más de 25 minutos para una simple consulta. El personal fue cortés, pero la demora es inaceptable. Sugiero más personal durante horas pico o mejorar la logística para evitar estas esperas.",2025-06-13,7,5,542
"Tive uma experiência excelente na agência da Bank Corp. Cheguei e fui atendido rapidamente, sem longas filas — o tempo de espera foi mínimo. A equipe é eficiente e cortês, resolvendo minha solicitação em poucos minutos. Atendimento ágil e profissional, recomendo a todos que valorizam praticidade.",2025-08-08,29,5,692
"Visitei a agência do Bank Corp e fiquei decepcionado com as condições das instalações. Sala de espera apertada, cadeiras desgastadas, ar-condicionado com mau funcionamento e máquina de senhas intermitente. Banheiro mal conservado e limpeza deficiente. Atendimento foi rápido, mas aparência e manutenção precisam melhorar.",2025-09-01,51,3,301
"Bank Corp’s advisor was outstanding. From start to finish they were professional, knowledgeable, and attentive to my needs. They explained options clearly, answered questions patiently, and guided me through paperwork efficiently. I felt respected and confident in their recommendations. The in-branch experience was smooth and timely — exactly what you want in a banker. Highly recommend Bank Corp for exceptional service.",2025-09-01,14,1,620
"Der Besuch in der Filiale war in Ordnung. Die Wartezeit im Inneren betrug etwa 20 Minuten, was akzeptabel, aber verbesserungswürdig ist. Das Personal war professionell, jedoch erschien die Organisation bei Stoßzeiten etwas unübersichtlich. Insgesamt erfüllt der Service seinen Zweck, eine Reduzierung der Wartezeiten wäre wünschenswert.",2025-07-12,40,1,66
"Die Filiale von Bank Corp überzeugt in allen Punkten: sauber, modern und sehr einladend. Wartemöglichkeiten sind bequem, die Schalter- und Beratungsräume bieten gute Privatsphäre. Die technischen Geräte funktionieren einwandfrei, Beschilderung und Barrierefreiheit sind vorbildlich. Hygiene wird ernst genommen und die Öffnungszeiten sind kundenfreundlich. Ich fühle mich hier sicher und bestens aufgehoben.",2025-09-06,45,6,574
"Ich bin äußerst zufrieden mit meiner Beratung bei Bank Corp. Mein Kundenberater war fachlich kompetent, sehr freundlich und hat alle Fragen verständlich beantwortet. Die Betreuung war professionell, zuverlässig und individuell auf meine Bedürfnisse abgestimmt. Termine und Abwicklungen verliefen schnell und unkompliziert. Ich fühle mich gut aufgehoben und empfehle Bank Corp für erstklassige Beratung gerne weiter.",2025-08-20,15,2,371
"Expérience d'accès au coffre-fort chez Bank Corp décevante. Rendez-vous pris en agence, attente excessive, employé(e) mal informé(e) sur la procédure et les horaires, accès restreint et paperasse inutile. On m'a fait revenir une deuxième fois pour un document manquant. Sécurité peut-être stricte, mais l'organisation laisse à désirer. Je m'attendais à plus de professionnalisme et de clarté de la part d'une banque de détail.",2025-08-04,23,5,662
"Ich hatte kürzlich eine Beratung bei Bank Corp in einer Filiale. Der Berater wirkte professionell und sachkundig, erklärte Produkte klar und beantwortete meine Fragen ohne Druck. Die Abläufe waren größtenteils effizient, Wartezeit moderat, Unterlagen ordentlich vorbereitet. Ein Follow-up per E‑Mail hätte etwas schneller kommen können. Insgesamt eine solide, professionelle Erfahrung, die meine Erwartungen weder stark übertraf noch enttäuschte.",2025-07-17,45,4,505
"J'ai visité la succursale de Bank Corp récemment. Les locaux sont globalement propres et bien entretenus, l'éclairage et la signalétique sont clairs. L'espace d'attente est un peu exigu aux heures de pointe et les toilettes pourraient être mieux approvisionnées. L'accès pour personnes à mobilité réduite est présent mais perfectible.",2025-07-19,31,5,144
"En la sucursal de Bank Corp atendió un cajero muy profesional: explicó con claridad los pasos, fue paciente y resolvió mi trámite rápidamente. La atención fue amable y competente; lo único a mejorar fue el tiempo de espera en la fila. En general quedé satisfecho con la experiencia y la actitud del personal.",2025-07-05,12,1,279
"Die Wartezeit in der Bank Corp-Filiale war etwas länger (etwa 15–20 Minuten), aber insgesamt akzeptabel. Das Personal war freundlich, erklärte den Ablauf klar und machte den Besuch durch effizienten Service angenehm. Die Filiale war sauber und ruhig. Für einfache Bankgeschäfte komme ich gern wieder, bei komplexeren Anliegen würde ich vorher einen Termin buchen.",2025-09-06,48,3,293
"Excelente experiencia accediendo a mi caja de seguridad en Bank Corp. El personal fue amable y profesional, las instalaciones muy seguras y la cita se respetó puntualmente. El proceso fue rápido y privado, y me sentí completamente confiado dejando mis pertenencias. Recomiendo sus sucursales por su seguridad y excelente servicio.",2025-08-21,18,5,551
"Visité una sucursal de Bank Corp y la experiencia con la cajera fue decepcionante. Llegué con una consulta sencilla pero la atención fue lenta, poco profesional y con respuestas evasivas. No me explicaron cargos ni el proceso correctamente, y dio la impresión de falta de interés. Terminé hablando con un supervisor para resolverlo. Espero que mejoren la capacitación del personal, porque así no inspiran confianza.",2025-09-03,15,6,368
"Katastrophaler Service bei Bank Corp. Ich musste über eine Stunde im Schalterbereich stehen, ohne Information oder Entschuldigung. Das Personal wirkte desinteressiert, es gab kaum Sitzplätze und keine klare Warteschlangenregelung. Für einfache Anliegen völlig unzumutbar — ich werde nie wieder hingehen und rate allen ab.",2025-08-04,45,1,25
"Terrible experience at Bank Corp branch. The banker was dismissive, unprofessional, and rushed me through important account decisions without clear explanations. They seemed uninformed about basic products, gave inconsistent information, and showed little respect for my concerns. Wait times were long and promised follow-up never happened. I left frustrated and distrustful — would not recommend this advisor or branch.",2025-09-01,49,4,417
"Ich war begeistert von meiner Erfahrung in der Bank Corp Filiale. Die Wartezeit im Innenbereich war minimal — kaum angekommen, wurde ich freundlich begrüßt und schnell bedient. Das Ambiente ist angenehm, Sitzplätze ausreichend und die Organisation sehr effizient. So macht Bankgeschäft Spaß! Ich komme gern wieder und empfehle die Filiale weiter.",2025-09-11,16,2,84
"Fui à agência da Bank Corp e o atendimento do caixa me deixou desapontado. O(a) atendente parecia despreparado, demorou a resolver a transação e não explicou taxas ou procedimentos. Demonstrou falta de atenção e pouca paciência; tive que corrigir um erro depois. Esperava mais profissionalismo de uma instituição bancária. Não recomendaria até que melhorem o treinamento.",2025-06-19,30,3,45
"Die Filiale von Bank Corp lässt stark zu wünschen übrig. Die Räumlichkeiten sind veraltet, das Mobiliar abgegriffen und die Beleuchtung schlecht. Der Warteraum ist eng und oft überfüllt, die Klimaanlage/Heizung funktioniert unzuverlässig. Toiletten und Automaten wirken schlecht gewartet; einmal war der Geldautomat außer Betrieb. Sauberkeit und Instandhaltung entsprechen nicht den Erwartungen — für ein modernes Bankhaus enttäuschend.",2025-07-16,3,4,317
"Terrible experience at Bank Corp branch. Waited 45 minutes inside the branch with no updates, lines barely managed and only two tellers working. Staff seemed uninterested and the manager never checked in. Had an urgent issue and was rushed through with mistakes because of the chaos. Completely unacceptable — won't return until they fix staffing.",2025-06-13,28,2,634
Visited my local Bank Corp branch today. Wait time inside was about 20 minutes—longer than I’d hoped—but the teller handled my request quickly and politely. The lobby was clean and seating available; staff apologized for the delay and kept things moving. Overall an okay experience; I’ll return but hope the next visit is a bit faster.,2025-06-15,2,5,258
"Agência do Bank Corp precisa urgente de melhorias nas instalações. Salas de espera com poucos assentos e estofados rasgados, ar-condicionado sem funcionar bem e iluminação fraca tornam a espera desconfortável. Banheiro mal conservado e sinalização confusa. A agência aparenta falta de manutenção e limpeza regular. Os funcionários foram educados, mas o estado físico da filial prejudica bastante a experiência. Espero reformas e atenção à acessibilidade.",2025-08-13,29,2,648
"La espera en el drive-thru de Bank Corp fue moderada; en hora punta tardé unos 10-15 minutos. El personal fue amable y el trámite se resolvió correctamente, aunque podrían agilizar la atención en momentos de mayor afluencia. En general, cumplió con lo necesario.",2025-07-09,7,1,676
"Fila interminável, esperei mais de 45 minutos dentro da agência do Bank Corp sem ser atendido. Funcionários parecem desorganizados e indiferentes; nenhuma explicação ou pedido de desculpas. Atendimento ineficiente, poucos caixas abertos e clima de descaso. Perda total de tempo — não recomendo a ninguém que precise resolver algo rapidamente.",2025-08-08,9,5,332
"Terrible experience at Bank Corp. The teller was rude, impatient, and clearly untrained — she handled my deposit carelessly, gave me incorrect information, and dismissed my questions with attitude. Wait times were long and staff showed no sense of urgency or professionalism. Management shrugged it off when I complained. I left feeling disrespected and will be closing my accounts. Do not recommend.",2025-08-25,50,6,321
"Erfahrung und Professionalität des Schalterpersonals waren katastrophal. Die Mitarbeiterin wirkte unfreundlich, inkompetent und desinteressiert, beantwortete Fragen nicht und machte Fehler bei der Transaktion. Lange Wartezeit ohne Entschuldigung. Ich werde Bank Corp meiden und rate anderen dringend ab.",2025-09-07,14,2,552
"Absolut katastrophal: Mein Zugang zum Schließfach bei Bank Corp war ein Albtraum. Stundenlanges Warten, unfreundliches Personal, widersprüchliche Anforderungen an Identitätsnachweise und verlorene Schlüssel — ohne hilfreiche Lösung. Öffnungszeiten extrem eingeschränkt, zusätzliche Gebühren nicht transparent. Ich habe Vertrauen und Zeit verloren. Nie wieder Bank Corp.",2025-08-03,8,6,154
"Ich habe kürzlich mein Schließfach bei Bank Corp in einer Filiale genutzt und war enttäuscht. Terminvereinbarung telefonisch mühsam, lange Wartezeiten vor Ort und die Mitarbeitenden wirkten überfordert. Zugang nur zu engen Zeiten, das Sicherheitsverfahren war umständlich. Das Schließfach selbst ist in Ordnung, aber Service und Erreichbarkeit müssen dringend verbessert werden.",2025-07-07,41,5,681
"La succursale Bank Corp est un désastre: locaux sales, moquette tachée, toilettes imondes, climatisation hors service, guichets mal entretenus et distributeur automatique constamment en panne. Éclairage faible, chaises déchirées et odeur désagréable. Le personnel évite les problèmes plutôt que d’agir. Inacceptable pour une banque — je ne remettrai jamais les pieds ici.",2025-09-11,18,6,385
"Terrible experience with Bank Corp. The banker/advisor was unprofessional, dismissive, and inexperienced. I received conflicting information, missed deadlines because they didn't follow up, and they ignored calls and emails. Appointments started late or were canceled without notice. I left feeling frustrated and mistrustful — I would not recommend their advisors to anyone seeking competent, courteous service.",2025-09-01,31,3,291
"Die Filiale von Bank Corp macht insgesamt keinen guten Eindruck: Wartebereich abgewohnt, Möbel zerschlissen und Beleuchtung düster. Die Sanitäranlagen sind oft nicht sauber, und ein Geldautomat war zuletzt defekt. Schilder sind schlecht sichtbar, was die Orientierung erschwert. Ich erwarte saubere, gut gepflegte Räume und funktionierende Automaten — leider nicht gewährleistet. Verbesserungen im Unterhalt wären dringend nötig.",2025-07-01,38,2,346
"Visité la sucursal de Bank Corp recientemente. Las instalaciones están limpias, bien iluminadas y la zona de espera es cómoda; además la accesibilidad para personas con movilidad reducida es adecuada. La señalización podría ser más clara y el baño necesita mantenimiento, pero en general la sucursal transmite orden y tranquilidad, lo que hace las gestiones bancarias más agradables.",2025-06-12,27,5,635
"J’ai visité une agence de Bank Corp récemment. L’état des locaux m’a déçu : moquette usée, sièges abîmés et poignées de porte collantes. La climatisation est mal réglée et l’éclairage insuffisant. La signalisation est confuse, l’ATM extérieur fonctionne mal parfois. Le personnel est aimable mais l’entretien des installations laisse à désirer — la banque devrait investir dans des réparations et un meilleur nettoyage.",2025-08-11,33,6,694
"Mi experiencia accediendo a mi caja de seguridad en Bank Corp fue terrible. Personal incompetente, papeleo absurdo, me hicieron volver tres veces y la bóveda estaba inaccesible por problemas del sistema. Me cobraron cargos no explicados y nadie ofreció soluciones ni disculpas. Me sentí inseguro sobre la protección de mis bienes y perdí tiempo y confianza en la sucursal. No lo recomiendo.",2025-07-16,13,1,3
"Expérience décevante avec un conseiller chez Bank Corp. Accueil poli, mais manque flagrant de professionnalisme et de clarté : réponses vagues, attente prolongée et informations contradictoires sur les frais. Je suis ressorti frustré, sans solutions adaptées à ma situation. Espoir d'amélioration — formation et meilleure communication nécessaires, sinon je changerai d'agence.",2025-07-22,19,6,404
"Ich war kürzlich in einer Filiale von Bank Corp. Die Schaltermitarbeiterin war sehr professionell, kompetent und freundlich. Meine Anliegen wurden zügig und verständlich erklärt, die Abwicklung verlief reibungslos. Einziger kleiner Wermutstropfen: die Wartezeit war etwas länger als erwartet. Insgesamt bin ich zufrieden und komme gerne wieder.",2025-07-31,4,5,74
"Bin vor kurzem in eine Bank Corp-Filiale gegangen. Vor Ort musste ich 25–30 Minuten warten, obwohl nur wenige Kunden da waren. Keine klare Organisation, Schalter oft besetzt, nur eine Mitarbeiterin pro Schalter. Beratung freundlich, aber gehetzt. Für einfache Erledigungen zu viel Wartezeit. Verbesserungswürdig – vor allem mehr Personal oder ein besseres Ticketsystem.",2025-06-22,28,6,9
"Ich war etwas enttäuscht von der Wartezeit in der Filiale von Bank Corp. Trotz Termin dauerte die Bedienung über 30 Minuten, keine klare Anzeige oder Personal zur Orientierung. Die Mitarbeiter wirkten überfordert, Kommunikation mangelhaft. Für einfache Anliegen ist das ärgerlich — ich überlege, künftig Online-Alternativen zu nutzen. Verbesserung dringend nötig.",2025-09-08,4,2,34
"Fantastische Erfahrung beim Zugang zu meinem Schließfach bei Bank Corp. Das Personal war extrem hilfsbereit und professionell, die Sicherheitskontrollen effizient und respektvoll. Terminvergabe, Wegbeschreibung und die tatsächliche Nutzung liefen reibungslos — sauber, diskret und vertrauenswürdig. Ich fühle mich mit meinen Wertsachen bestens aufgehoben und kann Bank Corp jedem empfehlen, der ein sicheres, gut organisiertes Schließfach sucht.",2025-09-06,19,3,14
"Les agences de Bank Corp sont impeccables et bien entretenues. Les locaux sont modernes, lumineux et accessibles, avec des sièges confortables, des espaces privés pour les conversations et une signalisation claire. La propreté, la climatisation et les équipements numériques facilitent chaque visite. Très satisfait de l'état des installations — on s'y sent en confiance et bien accueilli.",2025-09-12,19,3,518
"Estou muito satisfeito com as condições da agência do Bank Corp. Instalações modernas, limpas e bem iluminadas; ar-condicionado funciona perfeitamente e a área de atendimento é confortável e organizada. Sinalização clara facilita encontrar os serviços, e as cadeiras e espaço de espera são agradáveis. Banheiros sempre limpos e acesso para pessoas com mobilidade reduzida excelente. Segurança e estacionamento convenientes completam a ótima experiência.",2025-08-06,14,3,340
"Visité una sucursal de Bank Corp y utilicé el servicio drive-thru. El tiempo de espera fue generalmente razonable; en horas menos concurridas el trámite fue rápido, pero en momentos de mayor afluencia la fila se alargó y hubo que esperar más. El personal fue atento y los procesos eficientes cuando llegó mi turno.",2025-08-02,14,6,207
"Excellente expérience chez Bank Corp. L'agent de guichet était professionnel, courtois et très compétent. Il a traité ma transaction rapidement, expliqué clairement les options et répondu à toutes mes questions avec patience. L'accueil était chaleureux et efficace. Je recommande vivement cette agence pour son service client irréprochable et son personnel attentionné.",2025-08-03,34,1,522
"Atendimento no drive-thru da Bank Corp foi horrível. Fila demorou muito, funcionários lentos e desorganizados, ninguém explicou o motivo da espera. Achei inaceitável ter que perder tanto tempo para uma simples transação bancária. Não volto e não recomendo — péssima experiência, falta de respeito com o cliente.",2025-07-05,31,5,300
"Las instalaciones de Bank Corp están impecables, modernas y muy bien mantenidas. Espacios cómodos, asientos suficientes, iluminación y climatización agradables, baños limpios y señalización clara que facilita el acceso. El ambiente es tranquilo y accesible para personas con movilidad reducida. Excelente experiencia.",2025-09-12,36,4,101
Terrible experience at the Bank Corp branch. I waited over 45 minutes with no updates while only two tellers worked the line and staff seemed indifferent. This level of inefficiency is unacceptable for a bank — wasted my lunch break and left me frustrated. Won't be coming back.,2025-07-19,36,6,414
"J'ai visité une agence Bank Corp la semaine dernière. L'attente à l'intérieur a été un peu longue (environ 20 minutes), mais le personnel était aimable et efficace une fois pris en charge. Les locaux sont propres et confortables, et on m'a tenu informé du délai. Dans l'ensemble, une expérience correcte — j'apprécie le service, mais l'attente pourrait être améliorée.",2025-06-23,21,1,81
"Visited the Bank Corp drive-thru today. Wait time was about 12 minutes during a busy midday, which felt a bit long, but the teller was efficient once I reached the window. Overall a decent experience, though wait times could be improved.",2025-08-13,11,1,95
"Die Wartezeit im Drive‑Thru bei Bank Corp war leider länger als erwartet, etwa 15–20 Minuten. Positiv zu erwähnen: Das Personal war freundlich und professionell, und als ich dran war, lief alles zügig und korrekt. Für einfache Anliegen ist es in Ordnung, aber bei wenig Zeit würde ich nächstes Mal eine Filiale ohne Drive‑Thru oder einen anderen Zeitpunkt wählen. Insgesamt zufrieden, aber verbesserungswürdig.",2025-07-26,34,5,398
"Sehr zufrieden mit meiner Erfahrung beim Zugriff auf mein Bankschließfach bei Bank Corp. Terminvereinbarung unkompliziert, Mitarbeiter freundlich und diskret, Zugangsprozedur schnell und sicher. Die Räume sind sauber und gut überwacht, ich fühlte mich vertraulich und bestens betreut. Absolut empfehlenswert für alle, die Sicherheit und professionellen Service schätzen.",2025-08-09,42,2,559
"Tuve una buena experiencia en Bank Corp. El asesor fue profesional, conocedor y paciente, explicó claramente las opciones y me ayudó a elegir la mejor cuenta para mis necesidades. La atención en la sucursal fue rápida y respetuosa, aunque me hubiera gustado mayor disponibilidad de horarios. En general, recomendable por su experiencia y trato humano; volvería por la confianza que transmitieron.",2025-08-19,28,4,516
"Die Wartezeit im Drive-thru von Bank Corp war diesmal etwas länger als ich es gewohnt bin, aber das Personal war freundlich und professionell. Sobald ich dran war, ging die Abwicklung schnell und problemlos. Insgesamt zufrieden, würde mir nur wünschen, dass die Wartezeiten künftig etwas kürzer sind.",2025-08-30,29,4,207
"Bank Corp : L'attente en agence était un peu longue (environ 20 minutes), mais l'espace d'attente était propre et confortable. Le personnel a été attentif et efficace une fois pris en charge, ce qui a compensé le délai. Globalement expérience plutôt positive, je reviendrai si nécessaire.",2025-06-19,46,6,611
"Extrem enttäuschender Besuch bei Bank Corp. Die Schalterkraft war unfreundlich, unaufmerksam und offensichtlich nicht geschult: lange Wartezeiten, unklare Auskünfte und herablassende Kommentare. Antworten waren widersprüchlich, notwendige Formulare nicht erklärt. Kundenservice mangelhaft — werde Kontowechsel in Erwägung ziehen. So geht man nicht mit Kunden um.",2025-07-13,49,3,131
"Die Bankfiliale ist ordentlich und gut beleuchtet; Empfangsbereich und Geldautomaten funktionieren einwandfrei. Die Sitzgelegenheiten im Warteraum sind jedoch begrenzt und die Beschilderung könnte klarer sein. Barrierefreie Zugänge und ein funktionierender Aufzug sind vorhanden, aber das WC war nicht immer sauber. Insgesamt akzeptabler Zustand mit kleinen Verbesserungsmöglichkeiten.",2025-08-20,42,4,43
"Mi experiencia con Bank Corp en la sucursal fue decepcionante. El asesor mostró falta de profesionalismo: era poco claro, parecía no dominar los productos y tardó en responder mis dudas. El trato fue impersonal y no recibí el seguimiento prometido. Esperaba más orientación y soluciones concretas para mi cuenta. No recomendaría esta sucursal hasta que mejoren la formación y la atención al cliente.",2025-08-13,3,6,535
"J'ai visité une agence de Bank Corp et la guichetière a été professionnelle et efficace. Elle a répondu clairement à mes questions, traité ma transaction rapidement et avec courtoisie. L'attente était raisonnable et l'espace propre. Seul petit bémol : j'aurais apprécié un peu plus d'explications sur certains frais. Dans l'ensemble, expérience positive, je reviendrai.",2025-09-02,46,3,167
"Minha experiência na Bank Corp foi, no geral, positiva. O assessor foi muito profissional e atencioso, explicou claramente as opções de conta e investimentos e tirou todas as minhas dúvidas com paciência. O atendimento foi cordial e eficiente, embora haja pequena demora no horário de pico. Senti que recebi aconselhamento adequado e recomendo a agência para quem busca um serviço competente e confiável.",2025-07-04,4,2,439
"As instalações da Bank Corp são excelentes: espaços limpos, bem iluminados e confortáveis. A sinalização é clara, as filas são organizadas e há assentos suficientes. Banheiros e caixas eletrônicos estão sempre bem conservados, com acesso para pessoas com mobilidade reduzida. Ambiente moderno e seguro, que transmite confiança — uma experiência muito positiva sempre que preciso ir à agência.",2025-07-02,46,4,485
"Usé el drive-thru de Bank Corp y aunque esperé unos minutos más de lo esperado, el tiempo valió la pena: el personal fue amable y muy eficiente. La transacción se hizo sin problemas y me explicaron todo con calma. Sugiero mejorar la organización en horas pico para reducir la espera, pero en general quedé satisfecho y volveré.",2025-07-16,30,1,41
"J'ai été déçu par mon expérience en agence chez Bank Corp. Le conseiller semblait pressé et peu attentif, expliquait mal les options et répondait vaguement à mes questions. Attente longue, dossiers traités sans soin et aucune proposition proactive. Pour une banque réputée, le manque de professionnalisme et d'empathie est surprenant. Je n'y retournerai que si le service en agence s'améliore.",2025-08-13,24,4,97
"Absolutely awful drive-thru at Bank Corp. I waited over 25 minutes with no explanation while staff shuffled slowly and seemed indifferent. No apology, no manager, no effort to speed things up. Completely unacceptable for a bank — wasted my time and I will never recommend or return.",2025-07-10,38,6,591
"Katastrophale Erfahrung im Drive-Thru von Bank Corp. Über 20 Minuten gewartet, während nur ein Schalter offen war und kein Personal sich kümmerte. Keine Entschuldigung, keine Information, alles wirkt völlig unorganisiert. Wegen dieser Inkompetenz habe ich einen wichtigen Termin verpasst. Absolut inakzeptabel — ich werde diese Filiale nie wieder nutzen und rate dringend davon ab.",2025-06-17,21,1,512
"Terrible experiencia con Bank Corp al intentar acceder a mi caja de seguridad. Esperé más de una hora, el personal fue indiferente y contradictorio, me hicieron volver con papeles que ya había entregado y perdieron la llave de repuesto. Me negaron acceso por supuestos errores administrativos sin solución ni disculpa. Seguridad y servicio deplorables — no recomiendo esta sucursal a nadie.",2025-07-14,14,6,463
"Les agences Bank Corp sont impeccables : espaces modernes, bien entretenus et très propres. La signalisation est claire, les sièges confortables, et les guichets et bornes fonctionnent parfaitement. L'accessibilité est excellente (rampe et ascenseur), et l'ambiance est professionnelle et accueillante. J'apprécie aussi le Wi-Fi et les temps d'attente courts. Excellente expérience — les conditions des installations donnent confiance et rendent chaque visite agréable.",2025-06-26,37,5,485
"Minha experiência na Bank Corp foi, no geral, muito positiva. O gerente/advisor demonstrou grande conhecimento e profissionalismo, explicando opções de forma clara e paciente. Senti-me bem orientado para escolher o produto mais adequado às minhas necessidades. O único ponto a melhorar é a espera na agência, que foi um pouco longa, mas compensada pelo atendimento atencioso. Recomendo a Bank Corp para quem busca orientação financeira confiável.",2025-07-04,1,2,366
"Les agences Bank Corp sont généralement propres et bien entretenues, avec un éclairage agréable et des distributeurs automatiques accessibles. J’ai apprécié l’entrée de plain-pied et l’espace d’attente confortable. Malgré tout, il manque parfois des places assises et la signalisation interne pourrait être plus claire. Dans l’ensemble, expérience satisfaisante — quelques améliorations pratiques rendraient la visite encore meilleure.",2025-08-14,18,4,374
"Minha experiência ao tentar acessar a caixa de segurança na Bank Corp foi frustrante. Agendamento complicado, funcionários pouco informados e espera longa, apesar de horário marcado. Procedimentos de segurança demorados e falta de transparência sobre taxas adicionais. Acabei perdendo tempo e me senti mal atendido; esperava mais eficiência de um banco com presença física. Recomendo revisão dos processos e treinamento da equipe.",2025-07-28,7,3,320
"I visited a Bank Corp branch to discuss account options. The banker was professional and knowledgeable, provided clear explanations, handled paperwork efficiently, and respected confidentiality. Response and follow-up were timely. Wait time at the branch was a bit longer than I expected. Overall the interaction was competent and met my needs.",2025-07-30,46,4,692
"Expérience très négative chez Bank Corp. Le conseiller a fait preuve d'incompétence et d'un manque total de professionnalisme : rendez‑vous annulés, réponses floues, conseils contradictoires et frais jamais expliqués. L'accueil était froid et le service client inefficace pour corriger les erreurs. Je déconseille vivement cette agence.",2025-09-02,14,2,694
"Excelente experiência no drive-thru do Bank Corp! Cheguei no horário do almoço e fui atendido em poucos minutos. Atendimento rápido, eficiente e muito cordial; o funcionário resolveu minha solicitação com agilidade e clareza. A sinalização e a organização são ótimas. Recomendo para quem precisa de serviço bancário sem sair do carro — prático e sem espera.",2025-06-19,29,2,527
"Visitei a agência da Bank Corp e fui atendido por um caixa educado e eficiente. A experiência foi, em geral, positiva: o funcionário explicou os procedimentos com clareza e resolveu minha solicitação rapidamente. Achei a postura profissional, embora o atendimento pudesse ser um pouco mais caloroso. Ainda assim, saí satisfeito com o serviço prestado e voltaria à agência quando precisar.",2025-09-02,51,6,38
"I visited a Bank Corp branch for help with an account and was disappointed. The banker seemed rushed and gave vague answers, then failed to follow up as promised. Staff were polite but lacked clear explanations and attention to detail; paperwork contained mistakes that caused delays. Overall the experience felt unprofessional and left me frustrated. I hope management improves staff training and communication—this retail location needs to take customer service more seriously.",2025-08-09,30,2,71
"Bank Corp made accessing my security deposit box a breeze. Staff were professional, punctual, and respectful of my privacy. The vault area was spotless and clearly secure, and the clerk walked me through procedures quickly. The appointment system was easy and wait time was minimal. I left feeling confident my valuables are well protected. Excellent service—highly recommend Bank Corp for security deposit needs.",2025-06-30,19,3,504
"Ich habe kürzlich eine Beratung in einer Bank Corp-Filiale erhalten. Der Berater wirkte professionell und kompetent, erklärte Produkte verständlich und beantwortete meine Fragen sachlich. Die Terminvereinbarung war unkompliziert, die Wartezeit moderat. Einige Abläufe könnten meiner Meinung nach transparenter und schneller sein, insbesondere bei Formularen. Insgesamt eine solide, fachlich fundierte Erfahrung, ohne besondere Hervorhebungen.",2025-06-24,30,4,29
"Die Drive‑Thru-Wartezeit bei Bank Corp war hervorragend. Ich war in wenigen Minuten dran, das Personal sehr freundlich und ausgesprochen effizient. Die Abwicklung meiner Einzahlung ging schnell und reibungslos. Ideal für unterwegs – schneller Service, klare Kommunikation. Komme gern wieder und empfehle diese Filiale für alle, die schnelle Bedienung schätzen.",2025-07-12,39,4,398
"Expérience déplorable chez Bank Corp. J'ai attendu 45 minutes sans la moindre information ni excuse; le personnel semblait débordé et indifférent. Aucune file prioritaire, aucun système d'appel — un vrai chaos administratif. Service client inexistant, inacceptable pour une banque. Je ne reviendrai pas tant qu'ils n'améliorent pas l'organisation. Très déçu.",2025-09-03,14,2,681
"Experiência péssima na agência do Bank Corp com a atendente. Fui atendido com descaso, falta de profissionalismo e impaciência. Respostas vagas, demora excessiva e nenhum esforço para resolver meu problema. Saí frustrado e sem solução. Não recomendo; atendimento deplorável e desrespeitoso.",2025-06-17,7,3,670
J'ai eu une mauvaise expérience chez Bank Corp : j'ai attendu plus d'une heure à l'intérieur avant d'être pris en charge. Le système de file d'attente semble désorganisé et il manquait d'informations sur les délais. Le guichetier était poli mais la lenteur et le manque d'organisation rendent la visite frustrante. Il faudrait améliorer la gestion des files et la communication.,2025-06-25,44,3,7
"J'ai utilisé le service drive de la succursale Bank Corp. L'attente au guichet a été un peu plus longue que prévu, mais la file avançait régulièrement. Le personnel est resté sympathique et efficace une fois à l'intérieur. Globalement une expérience positive malgré le temps d'attente — un renfort aux heures de pointe serait idéal.",2025-07-10,49,1,604
Pésima experiencia en Bank Corp: esperé más de 40 minutos dentro de la sucursal sin ser atendido ni recibir disculpas. El personal parecía desorganizado y despreocupado; no hay gestión de filas ni sistema claro. No volveré y no lo recomiendo a nadie que valore su tiempo.,2025-07-08,43,5,206
"Terrible experiencia en el drive-thru de Bank Corp. Esperé más de 20 minutos sin atención; no había explicaciones ni disculpas, los empleados parecían desorganizados y lentos. Perder tanto tiempo para un trámite bancario es inaceptable. No volveré a usar esta sucursal y no la recomiendo a nadie.",2025-09-02,31,3,298
"Die Filiale von Bank Corp ist in einem durchschnittlichen Zustand. Die Räume sind sauber, jedoch etwas veraltet. Der Wartebereich ist ausreichend möbliert, aber die Beschilderung könnte klarer sein. Beleuchtung und Temperatur sind angenehm. Barrierefreier Zugang vorhanden, Parkmöglichkeiten begrenzt. Sanitäranlagen ordentlich, jedoch schlicht. Insgesamt erfüllt die Ausstattung die grundlegenden Anforderungen, ohne besonders modern oder einladend zu wirken.",2025-08-08,16,3,363
"Visitei a agência do Bank Corp recentemente. As instalações estão em geral bem conservadas, com limpeza adequada e iluminação satisfatória. A área de espera tem assentos, embora um pouco apertados em horários movimentados. Os corredores são acessíveis, mas a sinalização poderia ser mais clara para orientar clientes. Banheiros e equipamentos parecem em bom estado, mas o estacionamento é limitado. No geral, condições adequadas, com espaço para pequenas melhorias.",2025-07-27,11,6,207
"Meine Erfahrungen bei Bank Corp waren ausgezeichnet. Trotz erwarteter Stoßzeiten war die Wartezeit in der Filiale minimal, die Warteschlange gut organisiert und die Mitarbeiter sehr effizient. Freundliches Personal, klare Hinweise und komfortable Sitzplätze machten den Besuch angenehm. Schneller Service – sehr zu empfehlen!",2025-08-02,51,4,620
Ich habe kürzlich in einer Filiale von Bank Corp ein Schließfach genutzt. Die Mitarbeiter waren freundlich und erklärten die Sicherheitsprozeduren geduldig. Die Zugangskontrollen wirken sehr sicher und der Tresorraum ist gut organisiert. Einziger kleiner Nachteil: Terminvergabe war etwas umständlich und Wartezeit kurz. Insgesamt fühle ich mich mit meinen Wertsachen gut aufgehoben und würde das Angebot weiterempfehlen.,2025-07-19,14,2,88
"Las instalaciones de Bank Corp en la sucursal local están en condiciones aceptables. La sala de espera es limpia y el mobiliario funcional, aunque sería útil añadir más asientos en horas punta. Los baños se mantienen razonablemente y los cajeros automáticos funcionan correctamente. La señalización es clara, pero la iluminación en la entrada podría mejorar. El acceso para personas con movilidad reducida está disponible, aunque la puerta principal resulta algo estrecha.",2025-08-29,13,6,698
"Les locaux de Bank Corp laissent à désirer. Salle d'attente mal entretenue, sièges usés et toilettes souvent sales. Climatisation mal réglée et éclairage insuffisant rendent l'attente désagréable. La signalisation est confuse, rendant l'orientation difficile. Le personnel reste professionnel, mais le manque d'investissement dans l'infrastructure donne une impression négligée. Espère des améliorations rapides.",2025-06-25,48,3,250
"I visited Bank Corp's downtown branch and was generally pleased with the facility. The lobby is clean, well-lit, and the seating is comfortable. The self-service ATMs work reliably and signage made navigation easy. Staff kept the area tidy, though the parking lot could use better lighting and a few overflowing trash bins were visible. Overall a pleasant, functional branch that could use minor maintenance improvements.",2025-07-09,49,2,562
"Minha experiência ao acessar o cofre de segurança na Bank Corp foi péssima. Atendimento lento e indiferente, funcionários mal informados e repetidas desculpas. Fui impedido de abrir meu cofre devido a atrasos administrativos e documentação que nunca haviam solicitado antes. Senti falta de segurança e profissionalismo, não confio mais na proteção dos meus bens aqui e não recomendo.",2025-09-04,17,2,652
"Accès au coffre de sécurité chez Bank Corp décevant. Rendez-vous difficiles à obtenir, horaires très limités et personnel peu informé ; on m'a renvoyé plusieurs fois pour des documents mal précisés. Les frais sont élevés pour un service aussi contraignant, et l'ouverture du coffre prend énormément de temps à cause de procédures maladroites. J'espère une meilleure organisation et des informations claires avant la visite.",2025-08-07,50,6,204
"Ich habe kürzlich bei Bank Corp auf mein Schließfach zugegriffen. Der Filialmitarbeiter war freundlich und professionell, die Sicherheitskontrollen gründlich und beruhigend. Das Schließfach war sauber und gut gepflegt. Einziger Wermutstropfen: die Terminvergabe war etwas umständlich und es gab eine kurze Wartezeit. Gebühren und Formalitäten wurden aber klar erklärt. Insgesamt fühle ich mich mit der Sicherheit und dem Service sehr zufrieden und würde Bank Corp weiterempfehlen.",2025-07-09,7,3,274
"Die Wartezeit in der Filiale von Bank Corp war überraschend kurz. Ich wurde zügig zur richtigen Ansprechpartnerin geführt, die Mitarbeiter waren freundlich und sehr effizient. Trotz regem Betrieb kein langes Warten – alles gut organisiert. Hervorragender Service, ich komme gerne wieder!",2025-08-10,45,3,481
"Visité una sucursal de Bank Corp y me decepcionó el estado de las instalaciones. La sala de espera estaba sucia, con asientos dañados y poca señalización; el aire acondicionado no funcionaba bien y los baños estaban descuidados. Esperaba un estándar más alto para un banco de esta cadena. Mejoren mantenimiento y limpieza para una experiencia más cómoda.",2025-08-19,5,3,693
"Ich habe kürzlich ein Beratungsgespräch bei Bank Corp in meiner Filiale gehabt. Der Berater war kompetent, professionell und hat mir komplexe Produkte verständlich erklärt. Besonders schätzte ich seine ehrliche Einschätzung und Geduld. Einziger kleiner Kritikpunkt: die Terminvergabe dauerte etwas länger als erwartet. Insgesamt positiv — ich fühle mich gut aufgehoben und würde die Bank Corp-Beratung weiterempfehlen.",2025-08-18,49,2,636
I visited Bank Corp today and was impressed by how short the wait time inside the branch was. The staff efficiently managed walk-ins and the queue moved quickly. Comfortable seating and clear signage helped too. I was helped within minutes and my transaction was completed promptly. Excellent experience — highly recommend Bank Corp for fast in-branch service.,2025-07-17,36,2,259
"Déçu par l'expérience au guichet de Bank Corp. La caissière était peu professionnelle: réponses évasives, gestes brusques, erreurs sur mon dépôt et manque de vérification. J'ai attendu longtemps sans explication et les solutions proposées étaient confuses. Pour une banque réputée, c'était décevant. J'espère une formation du personnel, car l'accueil et le professionnalisme laissent à désirer; je réfléchis sérieusement à changer d'agence.",2025-07-13,10,2,521
"Terrible experiencia en Bank Corp. La cajera fue extremadamente poco profesional y grosera: no escuchó, ofreció información confusa y mostró indiferencia total ante mi problema. Esperé mucho tiempo sin atención adecuada y sin ninguna disculpa. No volveré a esta sucursal ni la recomiendo a nadie.",2025-07-23,7,1,425
"Visité una sucursal de Bank Corp para consultar sobre una hipoteca. El asesor mostró conocimiento y explicó opciones con claridad, aunque la espera fue un poco larga. La atención fue profesional y cortés, y resolvieron mis dudas principales. En general, experiencia adecuada; recomendaría mejorar tiempos de espera para una atención más eficiente.",2025-07-23,23,6,496
"Ich bin sehr zufrieden mit dem Zugang zu meinem Bankschließfach bei Bank Corp. Terminvergabe war unkompliziert, das Personal freundlich und diskret, Sicherheitskontrollen effizient. Die Räumlichkeiten sind sauber, modern und geben mir großes Vertrauen. Das Aufbewahrungssystem ist gut organisiert und die Öffnungszeiten flexibel. Ich fühle mich mit meinen Wertsachen bestens aufgehoben und kann Bank Corp jedem empfehlen, der Wert auf Sicherheit und Service legt.",2025-07-28,13,1,236
"Extrêmement déçu par l'état des agences Bank Corp. Locaux sales, moquette tachée, toilettes mal entretenues et odeur persistante; climatisation et distributeurs souvent en panne. Sièges cassés, éclairage insuffisant et files d'attente sans espace d'attente confortable. Donne l'impression d'une banque négligée et peu soucieuse du bien‑être des clients. À éviter.",2025-08-14,33,4,526
"Expérience avec Bank Corp décevante. À l'agence, le conseiller semblait pressé, peu attentif et n’a pas expliqué clairement les frais ni les options. Attente longue, suivis inexistants : mes mails sont restés sans réponse. J’attendais davantage de conseils personnalisés et de transparence de la part d’un établissement bancaire. Je recommande de revoir la formation du personnel et la communication, car l’accueil et le professionnalisme laissent à désirer.",2025-08-07,18,1,85
"Meine Bank Corp-Filiale macht insgesamt einen ordentlichen Eindruck: sauber, gut beleuchtet und barrierefrei. Die Sitzgelegenheiten im Wartebereich könnten bequemer sein, und die Beschilderung ist etwas unübersichtlich. Geldautomaten funktionieren zuverlässig, und das Personal war freundlich. Insgesamt zufrieden, mit kleinen Verbesserungsmöglichkeiten bei Komfort und Orientierung.",2025-08-04,23,6,41
"Excellente expérience au guichet de Bank Corp. Mon conseiller a été incroyablement professionnel, compétent et attentif. Il a pris le temps d'expliquer clairement toutes les options, répondu à mes questions et simplifié des démarches complexes. Le service était rapide, courtois et rassurant. Je recommande vivement cette agence et ce conseiller pour leur sérieux et leur écoute — confiance totale.",2025-08-23,1,2,391
"La succursale de Bank Corp présente plusieurs problèmes : locaux vieillots, moquette tâchée, sièges inconfortables et éclairage insuffisant. Les toilettes sont rarement propres et la climatisation est bruyante. Le distributeur était en panne lors de ma visite. Signalisation confuse et espace d’attente trop exigu rendent l’expérience désagréable. Un bon nettoyage et quelques rénovations seraient nécessaires pour améliorer l’accueil.",2025-08-18,19,4,651
"I visited Bank Corp to discuss opening a savings account and mortgage options. The advisor seemed rushed, offered vague answers, and struggled to explain fees and timelines. Follow-up promised by phone never happened, leaving me to call multiple times for clarification. For the cost and reputation, I expected clearer guidance and more professional communication. I’m disappointed and will consider other banks unless their service improves.",2025-07-08,26,3,103
"En general, las sucursales de Bank Corp están bien mantenidas y limpias. La iluminación es buena, el aire acondicionado funciona y hay asientos suficientes; la accesibilidad para sillas de ruedas también está bien cuidada. Solo echo en falta señalización más clara y que algunos baños reciban mantenimiento más frecuente. Pequeños detalles en una experiencia mayormente cómoda y profesional.",2025-09-09,23,1,55
"Expérience décevante au service au volant de Bank Corp. J'ai attendu plus de 20 minutes malgré une file courte et aucune explication ni excuse du personnel. Transaction simple, mais lenteur et manque d'organisation. Le guichet était visiblement sous-staffé. J'espère une amélioration, car c'est frustrant pour des démarches rapides.",2025-06-14,46,5,504
"I had a terrible experience at Bank Corp’s branch. The wait time inside was absurd — I waited over 45 minutes with no updates while only one teller served a slow line. Staff seemed indifferent and management ignored complaints. The seating area was cramped and chaotic. For retail banking, this level of disorganization is unacceptable. I will take my business elsewhere and warn others to avoid this branch.",2025-08-20,45,2,59
"Terrible experience at Bank Corp drive-thru. Waited over 20 minutes with cars backed up while staff dawdled inside. No explanation, no apology, and no effort to speed things up — completely unacceptable for a bank. I missed an appointment because of their incompetence. Will not return and won’t recommend this location to anyone who values their time.",2025-06-14,17,3,206
"Visitei a agência da Bank Corp ontem para resolver um problema na conta. O tempo de espera dentro da agência foi razoável, cerca de 20 minutos antes de ser atendido. A área de espera estava organizada, mas poderia haver mais assentos. O atendimento em si foi eficiente quando começou.",2025-08-03,9,1,534
"I visited Bank Corp's downtown branch and was impressed by the spotless, well-maintained facilities. The waiting area is comfortable with plenty of seating, bright lighting, and clear signage. ATMs and kiosks were clean and fully functional, restrooms tidy, and accessibility features excellent. The branch feels safe and welcoming — a top-notch environment for banking.",2025-08-17,46,5,597
"Minha visita a uma agência do Bank Corp foi satisfatória no quesito profissionalismo do(a) gerente. O atendimento foi cortês e demonstrou conhecimento dos produtos; explicou opções e esclareceu dúvidas. Houve um pouco de espera e a resposta sobre prazos poderia ter sido mais clara, mas no geral senti que a equipe tem experiência para orientar decisões financeiras. Atendimento adequado, sem grandes elogios ou reclamações.",2025-06-12,16,5,599
"Expérience catastrophique chez Bank Corp : attente interminable à l'intérieur de l'agence, personnel indifférent et aucune explication. J'ai perdu plus d'une heure sans être pris en charge. Service inacceptable, manque de respect pour le client. Je ne recommande absolument pas cette agence.",2025-08-15,23,5,614
"Mi experiencia en Bank Corp fue excepcional. El asesor fue profesional, atento y con amplio conocimiento; explicó claramente las opciones, respondió todas mis preguntas y encontró soluciones a medida. La atención en la sucursal fue rápida y amable, generando confianza desde el primer momento. Recomiendo a Bank Corp por su excelencia y profesionalismo en la atención al cliente.",2025-06-30,19,4,302
"Die Filiale von Bank Corp ist eine Katastrophe: schmutzige Böden, kaputte Beleuchtung und veraltete Möbel. Toiletten ungepflegt, Klimaanlage funktioniert nicht, Wartesitzplätze fehlen. Schimmelgeruch im Eingangsbereich und mangelhafte Barrierefreiheit. Als Kundenerlebnis absolut unakzeptabel — ich werde nie wieder hingehen.",2025-06-14,51,5,343
"Meine Erfahrung beim Zugriff auf mein Bankschließfach bei Bank Corp war katastrophal. Unpünktliche Öffnungszeiten, stundenlange Wartezeiten ohne Erklärung, unfreundliches Personal und undurchsichtige Anforderungen. Mehrere Termine wurden abgesagt, ich stand vor verschlossener Tür. Absolut enttäuschend — ich werde Bank Corp niemandem empfehlen.",2025-07-22,46,5,364
"Visité la sucursal de Bank Corp con drive-thru y no tuve que esperar mucho; el tiempo fue razonable y el empleado fue amable y eficiente. Aprecié la claridad en las instrucciones y la rapidez al procesar mi depósito. Podrían mejorar con otra ventanilla en horas pico, pero en general una experiencia positiva. Volveré.",2025-07-27,19,2,617
"Atendimento drive-thru da Bank Corp é terrível. Esperei tempo interminável, sem explicações ou desculpas; funcionários pareciam desorganizados e lentos. Saí furioso, tendo perdido tempo valioso. Inaceitável para um banco — não recomendo e vou mudar de instituição.",2025-07-17,19,2,502
"Déçu par l'attente à l'intérieur de la succursale Bank Corp : plus de 30 minutes malgré peu de clients visibles. Aucun agent pour orienter, guichets lents et affichage confus. Le conseiller a finalement été professionnel, mais le temps perdu n'en vaut pas la peine. À améliorer pour les clients pressés.",2025-08-30,35,6,467
"Ich bin begeistert von der Drive‑Thru bei Bank Corp! Die Wartezeit war unglaublich kurz, das Personal sehr freundlich und ausgesprochen effizient. Meine Transaktion ging schnell und problemlos — genau der Service, den man sich wünscht, wenn man es eilig hat. Absolute Empfehlung für das Drive‑Thru.",2025-07-03,29,3,328
"Excellente expérience chez Bank Corp. La guichetière était d'un professionnalisme exemplaire : accueillante, attentive et très compétente. Elle a traité ma demande rapidement, expliqué clairement chaque étape et s'est montrée patiente avec toutes mes questions. Service irréprochable — je recommande vivement cette agence.",2025-06-14,25,5,140
"Visité la sucursal de Bank Corp y quedé decepcionado con las condiciones. El mobiliario está desgastado, hay pintura desconchada y la sala de espera se siente sucia; el cajero automático no funcionaba y los baños estaban descuidados. La señalización es confusa y la iluminación insuficiente. Esperaba más limpieza y mantenimiento básico de una entidad bancaria. Les recomiendo una mejora urgente en las instalaciones.",2025-07-31,43,6,286
"Excellente expérience au drive de Bank Corp ! Très peu d'attente, service rapide et efficace. Le personnel était souriant et professionnel, transaction traitée en quelques minutes. Pratique pour les dépôts et retraits sans sortir de la voiture. Je recommande vivement ce guichet drive pour sa rapidité et son service impeccable.",2025-09-05,41,6,43
"Terrible experience at Bank Corp. The teller was rude, dismissive, and utterly unprofessional — they mishandled my deposit, gave me incorrect information, and ignored my questions. I waited over twenty minutes while they chatted with coworkers, then left feeling frustrated and disrespected. Management offered no apology. I’m closing my accounts and would warn anyone to avoid this branch.",2025-07-30,10,5,266
"Estou muito satisfeito com o tempo de espera no drive-thru do Bank Corp. Sempre rápido e eficiente, geralmente sou atendido em poucos minutos. Funcionários atenciosos, processos ágeis e sistema bem organizado tornam minhas visitas rápidas e sem estresse. Excelente para quem tem pouco tempo — recomendo o drive-thru do Bank Corp a todos que valorizam conveniência e agilidade.",2025-08-08,6,6,319
"Extremamente insatisfeito com o atendimento na agência do Bank Corp. A caixa foi grosseira, impaciente e pouco profissional; errou meu depósito e demorou a corrigir sem pedir desculpas. Falta de empatia, informações contraditórias e sensação de desprezo pelo cliente. Não recomendo — péssima experiência, me deixou sem confiança no banco.",2025-09-11,23,2,457
"Usei o drive-thru do Bank Corp e o tempo de espera foi moderado, cerca de oito minutos. O atendimento foi educado, mas o processo levou mais do que eu esperava. Em horário de pico pode haver demora. Experiência neutra, aceitável, com espaço para melhorias.",2025-06-12,19,1,653
"Minha experiência acessando a caixa de segurança do Bank Corp foi excepcional. Funcionários foram atenciosos, eficientes e profissionais, orientando com clareza todos os procedimentos. As instalações são impecáveis, seguras e organizadas, com horários flexíveis que facilitaram meu acesso. Senti total confiança e tranquilidade ao guardar documentos e objetos de valor. Recomendo fortemente o Bank Corp para quem busca segurança e ótimo atendimento em serviços de cofre.",2025-06-16,48,6,586
"Extrem unprofessionell und enttäuschend. Die Beraterin/der Berater bei Bank Corp war arrogant, schlecht vorbereitet und gab widersprüchliche Informationen. Lange Wartezeiten, kein Follow-up, und meine Fragen wurden abgetan. Fühle mich nicht ernst genommen — kaum Transparenz, keine hilfreichen Lösungen. Für so eine Bank erwarte ich mehr Kompetenz und Respekt. Ich werde mein Konto woanders eröffnen. Absolute Enttäuschung.",2025-07-19,1,2,688
"Terrible experience accessing my security deposit box at the retail branch. Staff were rude, disorganized, and made me wait over an hour despite an appointment. They repeatedly demanded obscure paperwork, lost my key tag, and tried to hit me with surprise fees. Felt unsafe and humiliated in a supposedly secure service. I’ll be moving my valuables elsewhere — never going back.",2025-06-13,3,2,94
"Tuve una experiencia mayormente positiva al acceder a mi caja de seguridad en Bank Corp. El personal fue amable y profesional, las instalaciones limpias y las medidas de seguridad me dieron confianza. El proceso requirió cita previa y algo de espera, lo cual fue el principal inconveniente, pero en general eficiente y seguro. Recomendable para quienes valoran protección y buen servicio.",2025-07-07,15,5,213
"Excelente experiência na agência do Bank Corp! O tempo de espera dentro da agência foi mínimo — fui atendido rapidamente e com muita eficiência. Os funcionários são atenciosos e profissionais, resolveram meu assunto em poucos minutos. Atendimento ágil e cordial; recomendo a todos que precisam de serviços bancários sem demora.",2025-09-07,42,3,386
"Katastrophale Erfahrung bei Bank Corp. Der Berater war unvorbereitet, unhöflich und wirkte desinteressiert. Fragen wurden oberflächlich beantwortet, Konditionen und Gebühren schlecht erklärt. Termine wurden verschoben, Rückrufe blieben aus. Statt hilfreicher Beratung fühlte ich mich zu unnötigen Produkten gedrängt. Null Professionalität — ich werde Bank Corp definitiv nicht weiterempfehlen.",2025-09-04,24,4,332
"La espera en el drive-thru de Bank Corp fue algo larga esta vez, pero el personal compensó con amabilidad y eficiencia. Me atendieron con rapidez en cuanto llegó mi turno y la operación se resolvió sin problemas. Valoro la cortesía, aunque sería ideal reducir el tiempo de espera. En general, una experiencia positiva con margen de mejora.",2025-08-25,19,2,461
"Visited my local Bank Corp branch for a routine deposit and was pleased with the teller's professionalism. They greeted me promptly, explained fees clearly, and completed the transaction efficiently. Friendly and patient with my questions. Wait time was a bit longer than I'd like, but overall a positive experience—competent staff who make banking easier.",2025-09-12,1,5,488
"Expérience décevante pour accéder à mon coffre-fort chez Bank Corp. D'abord des horaires d'accès très restreints, ensuite une procédure lourde et peu claire, avec des frais mal expliqués. Le personnel semblait pressé et peu aidant, ce qui a rendu la visite stressante. Sécurité correcte, mais service client à revoir si vous comptez y accéder régulièrement.",2025-07-03,39,6,394
"Visite au drive de Bank Corp acceptable. J'ai attendu plus longtemps que prévu, surtout aux heures de pointe, mais le personnel était professionnel et efficace une fois servi. Il serait appréciable de réduire l'attente aux moments chargés, par exemple en ajoutant un employé ou en améliorant la gestion de la file.",2025-06-16,6,4,260
"Schlimmstes Filialerlebnis: Die Schalterkraft war unfreundlich, arrogant und offensichtlich unprofessionell. Fragen wurden ignoriert, Fehler nicht korrigiert und ich fühlte mich völlig nicht ernst genommen. So geht Kundenservice nicht — ich werde diese Bank nicht mehr nutzen.",2025-06-30,38,4,584
"Ich war kürzlich in einer Bank Corp-Filiale und wurde von meinem Berater sehr professionell und kompetent betreut. Die Beratung zu Konten und Anlageentscheidungen war klar, nachvollziehbar und auf meine Bedürfnisse zugeschnitten. Die Mitarbeitenden wirkten freundlich und effizient. Einzig die Wartezeit war etwas länger als erwartet, ansonsten bin ich mit dem Service sehr zufrieden und würde die Filiale weiterempfehlen.",2025-08-08,50,4,359
"Visitei a agência Bank Corp ontem. A espera dentro da agência foi um pouco longa — cerca de 20 minutos —, mas os funcionários foram atenciosos e resolveram meu problema com eficiência. O espaço é limpo e organizado, e só voltaria com expectativa de tempo de espera mais curto. No geral, experiência positiva.",2025-08-04,26,4,452
"Terrible experience with Bank Corp. Banker at my local branch was dismissive, unprepared, and gave incorrect information that delayed my account opening. No follow-up, errors on paperwork, and an indifferent attitude made the visit a complete waste of time. Professionalism was nonexistent—no apologies, no solutions. I do not recommend Bank Corp to anyone expecting competent, courteous service.",2025-08-02,21,2,460
"Je recommande vivement Bank Corp. Lors de ma visite en agence, mon conseiller a fait preuve d'un professionnalisme exemplaire : à l'écoute, clair dans ses explications et rapide dans le traitement de ma demande. Il a proposé des solutions adaptées à ma situation et m'a mis en confiance. Service efficace, humain et très professionnel — une expérience client excellente.",2025-08-29,42,1,195
"Minha experiência na Bank Corp foi excepcional. O assessor foi extremamente profissional, atencioso e competente. Explicou todas as opções com clareza, respondeu às minhas dúvidas e me ajudou a tomar decisões seguras e bem informadas. O atendimento foi rápido e personalizado — me senti valorizado como cliente. Recomendo a Bank Corp a quem busca confiança e excelência no serviço bancário.",2025-07-02,29,3,4
"I visited Bank Corp's downtown branch yesterday. The lobby was clean and staff professional, but I waited about 20 minutes before being helped. Once assisted, the representative handled my transaction efficiently. Overall satisfactory service, though shorter wait times would improve the in-branch experience.",2025-08-08,38,4,334
"I used Bank Corp's drive-thru for a deposit. I waited about ten minutes before being served. The staff completed the transaction correctly and were polite, but the wait was longer than I expected. Could be improved during peak times.",2025-09-12,39,6,690
"Client de Bank Corp, je suis déçu par l'état des agences. Locaux mal entretenus : sièges usés, moquette tachée, éclairage insuffisant et climatisation souvent défaillante. L'espace d'attente est étroit et les files d'attente longues. Le personnel est professionnel mais l'environnement négligé nuit à l'expérience. Des rénovations et une meilleure propreté sont nécessaires.",2025-07-24,3,5,32
"Expérience d'accès au coffre de sécurité chez Bank Corp décevante. Horaires très restreints et rendez-vous impossibles à obtenir rapidement. Le personnel a manqué de clarté sur les procédures et m'a fait attendre sans explication. Les frais sont élevés pour ce service, et la sécurité m'a semblé bureaucratique plutôt que rassurante. Résultat : perte de temps et frustration. J'espère que Bank Corp simplifiera l'accès et améliorera l'accueil.",2025-07-29,30,3,308
"Mon expérience chez Bank Corp a été excellente. Le conseiller de l'agence a fait preuve d'un grand professionnalisme, d'écoute et d'efficacité. Il a expliqué clairement les options, proposé des solutions sur mesure et a été disponible pour toutes mes questions. Je me suis senti en confiance tout au long du processus. Service impeccable — je recommande vivement Bank Corp pour vos besoins bancaires.",2025-07-14,48,5,289
"I visited my local Bank Corp branch yesterday and was disappointed by the teller's unprofessional attitude. They seemed rushed and distracted, provided incorrect information about a transfer fee, and didn't apologize when they had to correct it. Communication was curt and I left feeling like my concerns weren't taken seriously. I've banked here for years but after this experience I'll reconsider using the branch for anything beyond basic ATM deposits.",2025-06-21,15,6,680
"Visitei uma agência do Bank Corp e o tempo de espera dentro da agência foi moderado. Esperei cerca de 15–20 minutos para ser atendido; o local estava organizado e os funcionários foram profissionais, embora ocupados. No geral, a experiência foi aceitável, mas a fila poderia ser mais ágil em horários de pico.",2025-07-02,37,3,6
"My experience at Bank Corp was awful. The branch was filthy, with stained carpets, peeling paint, flickering lights and a broken ATM. Waiting area chairs were ripped and uncomfortable, restrooms unsanitary, and the heating/air conditioning unreliable. Counters cluttered, trash overflowing, and signage faded. It felt neglected and unsafe — I won't return until management fixes these basic facility issues.",2025-08-25,27,4,471
"Expérience catastrophique chez Bank Corp. Le conseiller était visiblement incompétent, impoli et indifférent à mes besoins; il a donné des informations contradictoires et n'a pas assumé ses erreurs. Attente interminable, promesses non tenues et suivi inexistant. Je déconseille fortement cette agence à quiconque cherche un service professionnel et fiable.",2025-06-30,25,2,98
"Terrible experience with Bank Corp's retail branch. The banker was unprofessional — late, distracted, dismissive, and failed to explain fees or account options. They made errors on my paperwork and offered no apology or solution. Management shrugged it off when I complained. For crucial financial matters, such incompetence and lack of care are unacceptable. Moving my accounts elsewhere.",2025-06-14,2,6,520
"Excelente experiência na agência do Bank Corp! Cheguei e fui atendido rapidamente; o tempo de espera dentro da agência foi mínimo. Funcionários atenciosos e eficientes, processo rápido e claro. Adorei a organização e pontualidade — recomendo para quem valoriza agilidade no atendimento presencial.",2025-07-04,48,4,212
"I've visited Bank Corp on Main Street several times. The branch is poorly maintained — faded carpeting, sticky counters, and a broken waiting chair. Lighting is dim and the ATM looks outdated. Restroom was unclean and lacked soap. Signage is confusing, making the layout hard to navigate. Staff were polite but the shabby, cluttered facility makes the overall experience disappointing. Basic cleaning and repairs would help a lot.",2025-06-29,21,1,236
"My visit to Bank Corp was infuriating. I waited 45 minutes inside the branch with no updates, staff seemed disorganized and uninterested, and the queue system does nothing. When I finally reached a teller they were rushed and unhelpful. Completely unacceptable for basic banking. Will take my business elsewhere and strongly advise avoiding long in-branch waits at Bank Corp.",2025-07-19,14,6,525
"Visité la sucursal de Bank Corp para acceder a mi caja de seguridad. El proceso requirió cita previa, presentación de identificación y firma en el mostrador. El acceso fue rápido y las instalaciones estaban limpias, aunque el horario es limitado. El personal fue profesional y explicó las reglas claramente. En general, la experiencia cumplió expectativas, pero recomendaría ampliar horarios para mayor conveniencia.",2025-08-30,8,5,390
"Terrible experiencia en la ventanilla drive-thru de Bank Corp. Esperé 20-30 minutos en el coche sin explicación ni disculpas; personal lento, desorganizado y sin sentido de urgencia. Nadie gestionó la fila ni ofreció alternativas. Vergonzoso e inaceptable para un banco. No volveré ni lo recomendaré.",2025-07-21,49,3,314
"I visited Bank Corp last week and had the worst teller experience I've ever encountered. The teller was rude, dismissive, and clearly uninterested in helping — made mistakes with my deposit and refused to correct them without contacting a manager. I left feeling humiliated and frustrated after long wait times and no apology. Extremely unprofessional service; I won't be returning and would warn others to avoid this branch.",2025-07-11,9,5,58
"Atendimento no drive-thru do Bank Corp foi simplesmente inacreditável. Esperei 40 minutos no carro sem nenhuma explicação ou pedido de desculpas — funcionários ausentes e lentos. Saí revoltado, perdi tempo e não recomendo: total falta de respeito com o cliente. Péssimo serviço.",2025-09-02,14,1,537
"Les agences de Bank Corp sont impeccables : propreté irréprochable, sièges confortables, espaces bien éclairés et climatisation agréable. Les installations sont modernes, accessibles aux personnes à mobilité réduite, et les guichets bien organisés pour la confidentialité. Les toilettes et la signalisation sont toujours en bon état. Je me sens en sécurité et bien accueilli à chaque visite — une excellente expérience de service en agence.",2025-07-19,36,6,289
"Expérience décevante chez Bank Corp. Le conseiller semblait peu informé et pressé, réponses évasives aux questions sur les frais et les produits. Rendez-vous retardé sans explication, documents mal expliqués, je suis sorti de l'agence avec des doutes. Le personnel est poli mais manque de professionnalisme et d'accompagnement.",2025-08-17,23,1,479
"Visito as agências do Bank Corp com frequência. De modo geral, as instalações são limpas, bem iluminadas e com mobiliário confortável. Os caixas eletrônicos funcionam bem e a sinalização é clara, facilitando o atendimento. Gosto do acesso para cadeirantes, embora em algumas unidades a manutenção das portas e da climatização possa melhorar. No geral, sinto-me à vontade e considero as condições satisfatórias — com pequenos ajustes, seriam excelentes.",2025-07-12,32,2,453
"Ich war kürzlich im Drive-Thru der Bank Corp. Die Wartezeit war etwas länger als erwartet (ca. 10 Minuten), aber das Personal war freundlich und effizient, sodass alles schnell und korrekt erledigt wurde. Insgesamt zufrieden mit der Servicequalität – würde wiederkommen, hoffe nur auf kürzere Wartezeiten bei Stoßzeiten.",2025-06-30,44,3,656
"Excellente expérience chez Bank Corp : le temps d'attente en agence a été minimal, j'ai été pris en charge presque immédiatement. Le personnel est organisé, professionnel et efficace — tout s'est déroulé rapidement et sans stress. Service client au top, je recommande vivement cette agence pour sa rapidité et son professionnalisme.",2025-08-28,38,3,599
"J'ai visité une agence de Bank Corp pour une opération courante. L'attente à l'intérieur était d'environ 20 minutes malgré la file courte; le temps m'a semblé un peu long compte tenu du peu de clients. Le personnel était professionnel et efficace une fois pris en charge. Dans l'ensemble expérience correcte, mais le temps d'attente pourrait être amélioré.",2025-08-03,46,6,493
"I visited Bank Corp to access my security deposit box. Staff followed standard security procedures, checking ID and signatures, and escorted me to the vault. The room was clean and secure, though the process took about 30 minutes and requires appointments during limited hours. Fees were explained clearly. Overall, the experience was professional but somewhat inconvenient for quick access.",2025-06-29,32,5,472
"Minha experiência com o caixa foi decepcionante. Parecia despreparado, com atendimento lento e pouco cortês. Tive que explicar informações duas vezes e houve erro no depósito que demoraram a corrigir. Esperava mais profissionalismo de uma agência do Bank Corp. Voltar? Só se houver melhora no treinamento da equipe.",2025-07-19,7,3,546
"Die Filiale von Bank Corp ist in einem katastrophalen Zustand. Schmutzige, schmierig wirkende Böden, kaputte Sitze, muffiger Geruch und verschimmelte Ecken. Toiletten ungepflegt, Geldautomat oft defekt, Beleuchtung dunkel, Klimaanlage ausgefallen — alles sehr ungepflegt und unprofessionell. Für mich absolut unzumutbar; ich werde diese Filiale nicht mehr nutzen und kann sie niemandem empfehlen.",2025-06-24,44,4,487
"I visited Bank Corp recently and was pleased with the teller’s professionalism and knowledge. They processed my deposit efficiently, explained fees clearly, and answered my questions patiently. The branch felt organized and staff were courteous. My only minor gripe was a short wait before being helped, but overall it was a positive experience and I’d return for everyday banking.",2025-08-02,39,2,46
"Die Wartezeit in der Filiale war etwas länger als erwartet (ca. 20 Minuten), aber das Personal war freundlich und professionell. Es gab Sitzplätze und Infoscreens, sodass die Zeit erträglich war. Sobald ich dran war, verlief alles zügig und kompetent. Insgesamt ein solides Erlebnis, würde wiederkommen.",2025-07-31,9,1,352
"Expérience globalement positive à l'agence Bank Corp. Le conseiller était professionnel, compétent et a expliqué clairement les options pour mon compte. Il avait une attitude courtoise et a résolu mon problème rapidement. Seul bémol : l'attente était un peu longue ce jour-là. Je recommande cependant cette agence pour son service efficace et sa disponibilité.",2025-06-20,35,6,304
"Tive uma experiência frustrante ao acessar a caixa de segurança no Bank Corp. Atendimento lento, filas longas e exigiram documentação redundante. Funcionários pareciam pouco informados sobre procedimentos; horário de atendimento é restrito, o que atrapalha quem trabalha. Além disso, o ambiente não oferecia privacidade adequada. O cofre em si estava em bom estado, mas o processo foi burocrático e desconfortável. Esperava mais eficiência e clareza.",2025-07-08,45,2,232
"Les conditions des agences Bank Corp laissent à désirer. Salle d'attente mal entretenue, sièges inconfortables et toilettes rarement propres. L'éclairage est faible, la ventilation insuffisante et plusieurs guichets/ATM étaient hors service lors de ma visite. Signalisation confuse et accès pour personnes à mobilité réduite limité. Un service client aimable mais l'état des locaux doit être amélioré.",2025-08-16,17,4,458
"Visitei a unidade drive-thru do Bank Corp ontem. O tempo de espera foi um pouco acima do esperado, cerca de dez minutos, mas o atendimento foi cortês e eficiente. Com mais um funcionário no caixa drive-thru o fluxo melhoraria. No geral, experiência aceitável, com espaço para reduzir a espera.",2025-09-05,17,5,291
"Visitei uma agência do Bank Corp para acessar meu cofre de segurança. O processo foi razoavelmente eficiente: precisei agendar, a equipe explicou a documentação e o procedimento, mas houve espera de cerca de 15 minutos. As instalações são adequadas e a segurança transmite confiança. Atendimento profissional, embora a comunicação sobre horários pudesse ser mais clara.",2025-06-28,37,4,525
"Visité la sucursal de Bank Corp y mi experiencia con la cajera fue decepcionante. Atendió de manera fría y poco profesional, tardó mucho en procesar un depósito y no supo responder preguntas básicas sobre mi cuenta. Además dio respuestas evasivas cuando pedí aclaraciones. Esperaba más cortesía y competencia del personal. Si no mejoran la atención y la capacitación, dudo volver a esta sucursal.",2025-06-25,36,6,197
"Je suis client de Bank Corp et très satisfait de l'expérience en agence. Mon conseiller a fait preuve d'un professionnalisme et d'une expertise remarquables, expliquant clairement chaque option, répondant à toutes mes questions avec patience et réactivité. Opérations rapides, conseils personnalisés et grand sens du service. Je recommande vivement cette agence et ce conseiller à tous.",2025-07-22,3,3,413
"J'ai été déçu par le délai d'attente au guichet drive de Bank Corp. J'ai attendu plus de 15 minutes alors que la file avançait lentement et il n'y avait qu'un employé pour plusieurs clients. Le service était poli, mais l'attente est inacceptable pour une banque de cette taille.",2025-08-10,5,2,435
"J'ai visité une agence de Bank Corp pour une opération courante. La chargée de clientèle était professionnelle et compétente : elle a traité ma demande avec efficacité et a expliqué les étapes de façon claire. L'accueil était calme et le service sérieux, même si l'attente a été légèrement longue. Dans l'ensemble, expérience correcte concernant le professionnalisme du personnel.",2025-08-15,28,5,607
"Les agences Bank Corp déçoivent côté conditions des locaux. Salle d’attente mal entretenue, sièges usés, toilettes peu propres et distributeur hors service. Signalisation et accès pour personnes à mobilité réduite insuffisants; climatisation souvent défaillante. Le personnel est professionnel, mais l’environnement aurait besoin d’un entretien régulier et d’investissements pour plus de confort et d’hygiène.",2025-08-03,36,3,270
"Accedí a una caja de seguridad en una sucursal de Bank Corp. El proceso requiere cita, identificación y firma de formularios; la atención fue profesional y las instalaciones seguras. El acceso fue puntual aunque con algo de papeleo. En general, cumple con lo esperado para este servicio.",2025-06-12,10,3,496
"Visited my local Bank Corp branch and was disappointed by the condition of the facility. The lobby felt dated — peeling paint, stained carpet and several broken chairs. Lighting was dim and the HVAC made it uncomfortably cold. The restroom was unclean and the ATM outside had a cracked screen. Staff were polite but the worn space makes routine visits unpleasant; the branch clearly needs maintenance and a refresh.",2025-06-13,27,1,25
"Las sucursales de Bank Corp están limpias y bien iluminadas; el personal es atento y los asientos son cómodos. La señalización facilita encontrar servicios y la seguridad es evidente. Sin embargo, en algunas oficinas las máquinas y los baños requieren mantenimiento y en horas pico las filas son largas. En general, la condición de las instalaciones es buena y adecuada, con pequeños detalles por mejorar.",2025-08-06,24,5,469
"Excelente experiencia al acceder a mi caja de seguridad en Bank Corp. El proceso fue rápido, seguro y muy profesional; el personal fue amable y atento, explicó todo con claridad y respetó mi privacidad. Las instalaciones están impecables y la disponibilidad de citas y horarios es muy conveniente. Me siento totalmente tranquilo dejando mis pertenencias aquí. Muy recomendable.",2025-06-28,11,6,389
"J'ai eu une excellente expérience en accédant au coffre-fort chez Bank Corp. Le personnel en succursale était professionnel, ponctuel et extrêmement discret. Les installations sont modernes, très sécurisées et l'accès est simple grâce à des procédures claires. Je recommande vivement Bank Corp pour la tranquillité d'esprit et la qualité irréprochable de son service.",2025-07-08,44,2,307
"Les agences Bank Corp sont impeccables et très bien entretenues. Les locaux sont lumineux, propres et accueillants, avec des sièges confortables et une climatisation efficace. L'accès pour les personnes à mobilité réduite est parfait, la signalisation claire et la sécurité rassurante. Les toilettes sont propres et les espaces d'attente agréables. Une expérience client très positive à chaque visite.",2025-06-19,11,5,437
"Accedí a una caja de seguridad en Banco Corp. El trámite fue claro: identificación, firma y explicación de tarifas. El personal atendió de manera profesional y las instalaciones estaban en buen estado. Los horarios de acceso son algo limitados y hubo un breve tiempo de espera, pero en general el servicio cumplió con lo esperado sin sorpresas positivas ni negativas.",2025-08-02,10,3,231
Terrible experience at Bank Corp branch. I waited over 45 minutes inside with no apology and only one teller working; staff seemed indifferent and offered no updates. Completely unacceptable for a bank — wasted my lunch break and lost my business. Would not recommend until management fixes staffing and the queue system.,2025-06-13,9,6,100
"A agência da Bank Corp tem boa localização e ambiente geralmente limpo e organizado. Atendimento é cortês e filas se movem rápido. Notei, porém, alguns móveis desgastados e o ar-condicionado funcionando de forma irregular. Banheiros bem conservados, mas a iluminação e sinalização poderiam ser melhoradas. No geral, uma experiência positiva com pequenas melhorias necessárias nas condições da unidade.",2025-06-25,43,1,530
"Visite à une agence Bank Corp. L'attente à l'intérieur a été raisonnable (15–20 minutes), le personnel était accueillant et efficace une fois pris en charge. La salle d'attente était propre et confortable, mais il y avait peu d'affichage donnant une estimation du temps d'attente. Globalement satisfait, mais un affichage des files ou un guichet supplémentaire aux heures de pointe améliorerait l'expérience.",2025-09-08,11,2,135
"Péssima experiência na agência do Bank Corp. Esperei 45 minutos em pé sem qualquer informação; havia apenas um atendente e nada de organização. Funcionários despreparados, ninguém se desculpou pela demora. Atendimento lento e inaceitável — perda total de tempo. Não volto nem recomendo.",2025-06-17,14,6,116
"Usei o drive-thru do Bank Corp e, embora tenha havido um tempo de espera um pouco maior do que eu esperava, o atendimento foi eficiente e cordial. Os funcionários foram atenciosos e resolveram minha solicitação sem complicações. Recomendo, mas ficaria feliz com filas mais rápidas nos horários de pico.",2025-07-31,50,6,10
"Absolut enttäuschend: Bei Bank Corp habe ich über 40 Minuten in der Filiale gewartet, ohne Information oder Entschuldigung. Mitarbeiter wirkten überfordert und desinteressiert, kein System zur Wartezeitverkürzung. Termine scheinen nichts zu gelten, Kunden werden ignoriert. So geht Kundenservice nicht — unprofessionell und respektlos. Ich werde definitiv zu einer anderen Bank wechseln und kann Bank Corp nicht empfehlen.",2025-09-02,16,4,381
"Tive uma experiência excelente na Bank Corp. O gerente foi extremamente profissional, atencioso e esclarecedor. Explicou todas as opções com clareza, respondeu às minhas dúvidas com paciência e ofereceu soluções práticas que se ajustaram às minhas necessidades. Atendimento rápido e cordial, ambiente organizado e confiável. Recomendo a equipe da Bank Corp pela competência e pela postura exemplar.",2025-06-21,47,6,181
"Je suis très satisfait de mon expérience chez Bank Corp. Mon conseiller a fait preuve d'un professionnalisme exemplaire : écoute attentive, explications claires et solutions personnalisées adaptées à mes besoins. Le service en agence est rapide et chaleureux, et j'ai senti que mes intérêts étaient vraiment pris en compte. Grâce à leur expertise, mes projets financiers avancent sereinement. Je recommande vivement Bank Corp pour son équipe compétente et son accompagnement fiable.",2025-08-02,14,4,474
"I appreciate the tidy, well-lit Bank Corp branch and friendly staff — the lobby feels welcoming and the ATMs are well-maintained. The seating and clear signage made transactions easy. One minor issue: the restroom could be better stocked and the waiting area would benefit from an extra chair during busy hours. Overall a pleasant visit; I’d return and recommend this location with those small improvements.",2025-08-13,37,3,330
"Katastrophaler Service im Drive-Thru von Bank Corp. Über 25 Minuten in der Schlange gestanden, niemand hat informiert oder sich entschuldigt. Mitarbeiter wirkte genervt und unkoordiniert, die Transaktion dauerte ewig. Für so eine große Bank völlig inakzeptabel — werde künftig andere Filialen meiden und Freunden abraten.",2025-07-21,28,5,6
"Instalaciones deplorables. La sucursal de Bank Corp está sucia, con pisos pegajosos, baños inmundos y sillas rotas. Cajero automático fuera de servicio y máquinas con papel atascado; iluminación pobre y aire acondicionado inexistente. Huele mal y no hay señalización ni accesibilidad para personas con movilidad reducida. Inaceptable para un banco: me sentí inseguro y no volveré.",2025-07-18,5,6,388
"Ich war neulich in einer Bank Corp-Filiale und die Wartezeit im Inneren war enttäuschend lang. Trotz nur wenigen Kunden vor Ort dauerte es über 30 Minuten, bis ich dran war. Die Mitarbeiter wirkten überfordert und es gab keine klare Anzeige oder Information zur Reihenfolge. Für eine Bank erwarte ich effizienteren Service — bitte mehr Personal oder bessere Organisation, damit Kunden nicht so lange im Innenbereich warten müssen.",2025-08-19,6,1,419
"Extrem schlechte Erfahrung bei Bank Corp: Wartezeit im Filialinneren war unerträglich. Trotz wenigen Kunden vor mir dauerte es über 40 Minuten, bis mich jemand bediente. Keine Entschuldigung, keine Erklärung, Personal wirkte desinteressiert. Für einfache Kontoangelegenheiten ist das inakzeptabel — totale Zeitverschwendung. Ich werde nie wieder eine Filiale dieser Bank betreten.",2025-07-24,4,6,449
"Expérience décevante chez Bank Corp pour accéder à mon coffre-fort. Rendez-vous annulé sans préavis, puis longue attente sur place. Le personnel semblait mal informé et m'a demandé des documents supplémentaires non mentionnés au téléphone. Les horaires d'accès sont très restrictifs et les frais peu clairs. La sécurité est stricte, c'est bien, mais l'organisation laisse à désirer. Je suis un peu frustré et hésiterai à renouveler mon contrat.",2025-06-24,46,5,485
"Déçu par mon expérience chez Bank Corp. J'ai attendu plus de 30 minutes à l'intérieur sans explication ni estimation de délai; l'affichage numérique était confus. Le personnel était poli mais débordé, et ma visite est devenue stressante. Merci d'améliorer la gestion des files d'attente et la communication.",2025-06-13,22,6,35
"Expérience catastrophique avec le conseiller de l'agence Bank Corp. Manque total de professionnalisme : retard au rendez-vous, réponses évasives, erreurs sur mes documents et aucun suivi. J'ai perdu du temps et de l'argent à cause de leur négligence. Très déçu, je ne recommande pas.",2025-08-17,36,2,562
"Terrible experiencia al intentar acceder a mi caja de seguridad en Bank Corp. Personal indiferente, largas esperas, pérdida de la llave por parte del banco y excusas interminables. Me exigieron documentos que ya tenían y cobraron tarifas ocultas. El acceso fue incómodo y poco seguro; no volveré ni recomendaré este banco. Una gestión inaceptable para algo que debería ser de máxima seguridad.",2025-06-17,44,3,303
"Visité la sucursal de Bank Corp y la fila del drive-thru fue interminable; esperé más de 20 minutos para una simple transacción. Solo una ventanilla tenía personal y el servicio estuvo lento y desorganizado. Entiendo que haya momentos ocupados, pero deberían mejorar la atención o abrir más carriles. No volveré si esto sigue así.",2025-07-27,36,6,292
"Ich war kürzlich in einer Bank Corp-Filiale und leider enttäuscht von der Erfahrung am Schalter. Die Mitarbeiterin wirkte unaufmerksam und wenig professionell, Antworten waren knapp und zum Teil ungenau. Nach langer Wartezeit fühlte ich mich nicht ernst genommen, und einfache Anliegen wurden umständlich behandelt. Für eine Hausbank erwarte ich mehr Service und Freundlichkeit. Ich hoffe, dass Bank Corp die Schulung und Kundenorientierung verbessert.",2025-08-16,28,5,272
"J'ai rencontré un conseiller de Bank Corp à l'agence locale. Son comportement était professionnel et il a expliqué clairement les produits et les frais. Les délais d'attente étaient raisonnables et les réponses précises. En revanche, le suivi par courriel a été lent. Expérience neutre : compétences avérées, communication post-rendez-vous à améliorer.",2025-09-01,22,4,164
"Excelente experiencia en el drive-thru de Bank Corp. Esperé muy poco tiempo, el personal fue amable y eficiente, y la transacción fue rápida y sin complicaciones. Muy recomendable para quienes buscan rapidez y buen servicio.",2025-07-03,51,5,296
"Ich habe eine Filialberatung bei Bank Corp erhalten. Der Berater war sachlich, kompetent und erklärte Produkte verständlich. Termine wurden eingehalten, Unterlagen waren übersichtlich. Fragen wurden fachkundig beantwortet, es gab keinen Druck bei Entscheidungen. Insgesamt zufrieden mit Professionalität und Erfahrung, kleine Verbesserungsmöglichkeit bei den Wartezeiten.",2025-09-09,3,1,558
"Every visit to Bank Corp has been exceptional thanks to their tellers. Today, Maria greeted me warmly, handled my deposit efficiently, and explained account options with clear patience and professionalism. She anticipated questions, resolved a small issue quickly, and made banking stress-free. Her knowledge and courteous manner reflect well on the branch—outstanding customer service that keeps me coming back.",2025-06-16,23,3,213
"Las sucursales de Bank Corp están generalmente limpias y bien mantenidas; la sala de espera es cómoda y la señalización clara. Me agradó que las áreas sean accesibles y el aire acondicionado funciona bien. Sin embargo, en una ocasión noté que un baño estaba cerrado por mantenimiento y faltaban revistas. En general, una experiencia satisfactoria con pequeños detalles por mejorar.",2025-09-09,23,1,304
"Visitei uma agência da Bank Corp e fui atendido por um caixa com postura profissional e experiência evidente. O funcionário explicou os procedimentos de forma clara, resolveu minha solicitação com eficiência e manteve cortesia durante todo o atendimento. O tempo de espera foi razoável e o processo ocorreu sem problemas. Avaliação neutra: competente e satisfatória do ponto de vista do atendimento.",2025-09-08,34,3,567
"Tive uma experiência frustrante no drive-thru da Bank Corp. Esperei mais de 15 minutos enquanto apenas um funcionário atendia, sem explicações ou sinalização de fila. Para um banco de grande porte, o serviço foi lento e pouco eficiente — atrasou meus compromissos. Esperava mais organização e atendimento rápido; precisam melhorar o fluxo e comunicar melhor os clientes.",2025-09-07,33,5,391
"Ich war sehr beeindruckt vom Drive-Through bei Bank Corp. Keine langen Wartezeiten, die Mitarbeiter sind flink und freundlich. In wenigen Minuten war alles erledigt – Einzahlungen und Beratung schnell und professionell. Besonders praktisch für den hektischen Alltag. Klare Empfehlung für alle, die schnellen, zuverlässigen Service schätzen.",2025-08-02,8,1,421
"La atención del asesor fue profesional y atenta. Explicó con claridad los productos y respondió mis dudas, además de gestionar la documentación de manera eficiente. El trato fue respetuoso y puntual. Mi experiencia fue satisfactoria en términos de conocimiento y organización, aunque el tiempo de espera en la sucursal podría reducirse.",2025-08-31,11,1,602
"Estoy muy satisfecho con las instalaciones de Bank Corp. Sucursales limpias, modernas y bien mantenidas; asientos cómodos, buena iluminación y señalización clara. Las áreas de espera son amplias y accesibles para personas con movilidad reducida, los cajeros automáticos funcionan perfectamente y los baños están en excelente estado. Me siento seguro y cómodo en cada visita. Definitivamente superan mis expectativas.",2025-07-28,10,1,119
"Excelente experiencia en el drive-thru de Bank Corp. Esperé muy poco; el personal fue rápido, amable y eficiente. Pude hacer mi depósito y consulta en minutos sin bajar del auto. Muy recomendable para quienes buscan rapidez y buen servicio.",2025-08-18,12,4,602
"Fiquei muito satisfeito com o atendimento na agência da Bank Corp. O(a) caixa foi extremamente profissional, eficiente e cordial — explicou todos os procedimentos com clareza e resolveu minha solicitação rapidamente. Senti-me valorizado como cliente e muito tranquilo durante o processo. Recomendo fortemente esta agência e o time de atendimento pela postura impecável e pela atenção dedicada. Com certeza voltarei quando precisar.",2025-06-24,37,4,537
"Die Drive‑Thru‑Station von Bank Corp ist oft eine Geduldsprobe. Letzte Woche 20 Minuten gewartet, nur ein Fenster offen und das Personal wirkte überfordert. Für einfache Überweisungen und Einzahlungen dauert alles viel zu lang. Bei einer großen Bank erwarte ich bessere Organisation und schnellere Abwicklung. Hoffe auf spürbare Verbesserungen, sonst suche ich Alternativen.",2025-06-24,51,6,196
"Die Filiale von Bank Corp ist hervorragend gepflegt und sehr einladend. Modernes Interieur, saubere Sanitäranlagen und bequeme Sitzbereiche machen den Besuch angenehm. Gut beleuchtet, barrierefrei und mit klarer Beschilderung – man fühlt sich sicher und willkommen. Die Technik funktioniert einwandfrei, und das freundliche Personal hält alles bestens in Schuss. Absolut empfehlenswert!",2025-07-06,41,4,675
"Katastrophaler Service bei Bank Corp Drive-Thru. Ich stand mehr als 20 Minuten in der Schlange, ohne Erklärung oder Entschuldigung. Das Personal wirkte überfordert, niemand kümmerte sich um die lange Wartezeit. Für eine Bank völlig inakzeptabel. Habe meine Angelegenheiten woanders erledigt und werde nie wiederkommen. Unprofessionell, respektlos gegenüber Kund:innen und extrem frustrierend.",2025-06-15,39,4,364
"J'ai récemment utilisé le coffre-fort en succursale de Bank Corp. Le personnel était courtois et m'a aidé à retrouver mon dossier rapidement. L'accès au coffre était sécurisé et les instructions claires; l'espace était propre. Seul bémol : le délai pour obtenir un rendez-vous était un peu long. Globalement, expérience positive, je recommande pour la sécurité de vos biens.",2025-08-06,9,5,192
"I was appalled by the drive-thru at Bank Corp. Waited nearly 30 minutes for a simple deposit, with no updates, understaffed and uninterested tellers. Traffic backed up, wasting my time. Staff indifferent when I complained. Totally unacceptable for a bank — will take my business elsewhere and warn friends.",2025-06-30,16,4,96
"Las sucursales de Bank Corp están generalmente limpias y bien iluminadas; el personal es amable y el mobiliario cómodo. Me gusta la señalización clara y los cajeros automáticos funcionan bien. Sin embargo, a veces hay poco espacio en la sala de espera y el aire acondicionado puede ser irregular. En general, condiciones aceptables y mejorables, pero satisfactorias para la mayoría de gestiones.",2025-07-04,23,1,135
"Ich bin begeistert von der Drive‑Thru bei Bank Corp. Die Wartezeit ist stets extrem kurz, meist nur wenige Minuten. Das Personal ist freundlich und sehr effizient — meine Angelegenheiten werden schnell und zuverlässig erledigt. Besonders praktisch für meinen vollen Terminkalender. Uneingeschränkt empfehlenswert!",2025-07-18,49,2,410
"Excelente experiencia en Bank Corp. El servicio en el drive thru fue rápido y eficiente; esperé apenas unos minutos. El personal fue muy amable y profesional, resolvió mi trámite con precisión sin bajar del auto. Muy conveniente para quienes tenemos poco tiempo. Sin duda volveré y lo recomiendo.",2025-07-25,28,3,171
"Extrem enttäuschend: Der Drive‑Thru bei Bank Corp ist eine einzige Katastrophe. Über 30 Minuten im Auto warten, niemand am Fenster, keine Entschuldigung — total unprofessionell und respektlos gegenüber Kunden. Für einfache Bankgeschäfte so lange aufgehalten zu werden, ist vollkommen inakzeptabel. Ich komme nie wieder.",2025-07-07,1,1,292
"Excelente experiência na Bank Corp! Cheguei à agência e fui atendido rapidamente — tempo de espera praticamente zero. Equipe atenciosa e eficiente, processo ágil e sem complicações. A combinação de atendimento cordial e rapidez me surpreendeu positivamente. Recomendo a Bank Corp para quem valoriza tempo e bom serviço.",2025-07-16,13,2,338
"I’ve banked at Bank Corp for years but my last visit was disappointing. The teller seemed inexperienced and flustered, took a long time to process a simple deposit, gave inconsistent information about fees, and was curt when I asked questions. Service felt unorganized and left me unsure my transaction was handled correctly. If they improved training and communication it would make a big difference.",2025-06-27,48,6,684
"I visited a Bank Corp branch to access my safety deposit box. The appointment process was straightforward, staff were professional and the vault area appeared secure and well maintained. Identification and paperwork checks took a few minutes. Access hours are limited, so plan ahead. Fees and procedures were clearly explained. Overall a competent, uneventful experience.",2025-07-18,3,3,629
"I had an utterly unacceptable experience at Bank Corp's drive-thru. I waited forever with no updates, the line barely moved and staff seemed indifferent. Transactions were painfully slow and disorganized—completely unacceptable for a bank. I won’t be returning and will advise others to avoid the drive-thru until they actually fix staffing and procedures.",2025-07-25,29,6,382
"I recently visited Bank Corp to access my security deposit box. The branch staff were professional and walked me through the ID checks and paperwork. The vault area felt secure and well-maintained. I waited about 15 minutes, which was reasonable, though access hours could be more flexible. Overall a smooth and reassuring experience — competent staff and strong security.",2025-07-11,48,5,20
"Mon passage à l'agence Bank Corp s'est bien passé. L'agent de guichet était professionnel, courtois et parfaitement renseigné ; il a traité ma demande rapidement et expliqué les étapes clairement. Seule réserve : petite attente en début de journée. Globalement service efficace et humain, je reviendrai.",2025-08-26,47,3,76
"Visité una sucursal de Bank Corp y la cajera fue muy profesional y eficiente. Me atendió con cortesía, explicó claramente las opciones de mi cuenta y resolvió un problema rápido. La espera fue algo larga, pero la atención compensó la demora. Recomiendo la sucursal por la amabilidad del personal; con un poco más de rapidez sería perfecta.",2025-07-02,47,3,66
"Passei 45 minutos na fila dentro da agência do Bank Corp e saí sem ser atendido adequadamente. Funcionários pareciam desorganizados e indiferentes; não houve explicação nem pedido de desculpas. Atendimento lento, ineficiente e inaceitável — total desrespeito pelo tempo do cliente. Não volto e não recomendo.",2025-09-12,22,6,455
"La succursale Bank Corp est dans un état déplorable. Sols sales, banquettes déchirées, éclairage vacillant et distributeur hors service. L'odeur désagréable et les machines poussiéreuses donnent l'impression d'un lieu abandonné. Aucune réparation visible, ni entretien régulier. C'est honteux pour une banque: je n'y remettrai plus les pieds et je déconseille vivement cette agence à quiconque cherche un minimum de propreté et de sécurité.",2025-06-14,46,2,595
"Der Besuch bei Bank Corp war enttäuschend. Der Berater wirkte unvorbereitet, konnte meine Fragen nicht klar beantworten und drängte stärker auf Produkte als auf meine Bedürfnisse ein. Wartezeiten waren lang, Rückrufe blieben aus. Positiv: Filiale sauber und Mitarbeiter freundlich, aber die fachliche Kompetenz und Verlässlichkeit haben mich nicht überzeugt. Ich erwarte besseres Service- und Beratungsniveau.",2025-07-03,26,6,625
"Terrible experiencia en Bank Corp. El/la cajero/a fue grosero/a, indiferente y totalmente poco profesional; me interrumpió, no respondió mis dudas y demoró la operación sin motivo. La actitud del personal fue despectiva y no ofrecieron ninguna solución. Nunca volveré a esta sucursal ni la recomendaré. Una atención al cliente indignante para un banco que debería ser serio.",2025-08-07,32,3,533
"Meine Erfahrungen bei Bank Corp waren katastrophal. Die Berater waren unfreundlich, unprofessionell und wirkten völlig inkompetent. Fehlende Transparenz, widersprüchliche Informationen und unzureichende Antworten auf einfache Fragen. Lange Wartezeiten und Desinteresse haben mein Vertrauen zerstört. Absolut nicht empfehlenswert — werde nie wieder dorthin gehen.",2025-07-31,9,6,641
"I visited Bank Corp to deposit a check and open a savings account. The teller was professional and handled my requests accurately, explaining my options clearly. Service was efficient, though there was a short wait. Overall, a satisfactory experience with competent staff; I would return for routine transactions.",2025-07-15,1,5,653
"Visité una sucursal de Bank Corp y la cajera fue excepcional: profesional, eficiente y muy amable. Explicó cada paso con claridad, resolvió mi trámite rápido y con atención personalizada. Gracias a su actitud confiable mi experiencia fue excelente; sin duda volveré y recomiendo esta sucursal.",2025-06-14,23,4,80
"Ich bin sehr zufrieden mit meiner Erfahrung bei Bank Corp beim Zugriff auf mein Sicherheitsschließfach. Die Filiale ist modern und sicher, das Personal war freundlich, kompetent und hat den Prozess schnell und unkompliziert erklärt. Die Zugangskontrollen geben mir große Sicherheit und die Termine liefen pünktlich. Ich fühle mich dort gut aufgehoben und kann Bank Corp wärmstens empfehlen.",2025-08-13,8,5,192
"Lors de ma visite à une agence Bank Corp, l'attente à l'intérieur a été un peu longue, mais le personnel est resté professionnel. Une fois pris en charge, les démarches se sont déroulées efficacement. Avis neutre : service correct, la gestion de la file pourrait être améliorée.",2025-08-05,35,4,551
"Visité el drive-thru de Bank Corp ayer para un depósito rápido. Esperé unos 10 minutos, lo que me pareció algo más lento de lo esperado, aunque el empleado fue profesional y el servicio correcto. Podrían mejorar señalización y agilizar la fila en horas punta. En general, la experiencia fue aceptable pero con margen de mejora en tiempos de espera.",2025-07-11,37,3,472
Terrible experiencia en el drive-thru de Bank Corp. Esperé más de 20 minutos sin explicación; nadie contestaba el intercomunicador y la fila no avanzaba. El personal finalmente fue grosero y lento. Indignante y poco profesional para un banco. No lo recomiendo en absoluto.,2025-08-26,43,5,230
"Schlechte Erfahrung mit dem Schließfachzugang bei Bank Corp. Terminvergabe unflexibel, Wartezeiten lang und der Mitarbeiter wirkte genervt. Sicherheitskontrollen sind verständlich, aber Prozedur unnötig kompliziert und schlecht erklärt. Mein Schließfach war teilweise blockiert, man bot keine klare Lösung an. Zusätzlich überraschende Gebühren. Für ein großes Institut erwarte ich mehr Professionalität und transparentere Abläufe. Ich überlege, das Konto und Schließfach zu wechseln.",2025-06-23,40,2,472
"Experiência péssima no drive-thru do Bank Corp. Esperei mais de 25 minutos em fila lenta, sem explicações ou desculpas dos funcionários. Atendimento ineficiente e desorganizado, parecia que ninguém se importava com os clientes. Completa falta de respeito com o tempo das pessoas — não volto e não recomendo.",2025-08-10,20,3,431
"Usei o drive-thru do Bank Corp recentemente. A espera foi um pouco longa nos horários de pico, mas o atendimento foi eficiente e cordial assim que fui atendido. Resolveram minha operação rapidamente e com profissionalismo. Gosto da comodidade do drive-thru, só sugiro mais funcionários nos horários movimentados para reduzir o tempo de espera.",2025-08-02,24,3,131
"Visitei a agência do Bank Corp ontem e fui atendido por um caixa muito profissional. Demonstrou conhecimento, explicou opções com clareza e resolveu minha questão rapidamente. O atendimento foi eficiente e cortês, embora a fila tenha demorado um pouco. No geral, experiência positiva; recomendo pelo profissionalismo da equipe.",2025-07-03,23,2,27
"Experiência horrível no drive-thru do Bank Corp. Esperei tempo absurdo, atendimento lento e desorganizado. Funcionários pareciam despreparados e sem pressa. Perdi tempo e paciência — não recomendo, voltarei a usar outra agência. Falta de respeito com clientes.",2025-06-14,4,4,504
"Ich bin sehr zufrieden mit dem Zugriff auf mein Bankschließfach bei Bank Corp. Die Reservierung war unkompliziert, das Personal freundlich und professionell, und der Zugang zum Schließfach war jederzeit sicher und diskret. Die Räume sind sauber, gut beleuchtet und vertraulich. Besonders gefallen haben mir die flexiblen Öffnungszeiten und die klare Erklärung der Sicherheitsmaßnahmen – volle Ruhe und Vertrauen in meine Wertgegenstände. Absolut empfehlenswert.",2025-08-21,18,3,689
"Usei o drive-thru do Bank Corp ontem. A fila estava um pouco longa e esperei cerca de doze minutos, mas o atendente foi muito cordial e resolveu tudo com rapidez. Gosto da conveniência do serviço; só espero que reduzam um pouco a espera. No geral, experiência positiva.",2025-08-18,4,6,175
"Mein Besuch bei Bank Corp war enttäuschend. Der Berater wirkte unvorbereitet und hatte kaum Zeit für meine Fragen. Erläuterungen zu Produkten und Gebühren blieben oberflächlich, auf konkrete Nachfragen gab es ausweichende Antworten. Die Wartezeit war länger als vereinbart, und der Termin verlief hektisch. Für ein Haus mit Filialen erwarte ich mehr Fachkompetenz und Kundenorientierung. Ich würde mir bessere Vorbereitung und klarere Beratung wünschen.",2025-07-27,27,5,152
"Ich war sehr beeindruckt von meinem Besuch bei Bank Corp. Die Wartezeit in der Filiale war extrem kurz – kaum angekommen, wurde ich schon freundlich bedient. Die Mitarbeiter waren kompetent und effizient, sodass mein Anliegen schnell erledigt war. Rundum ein hervorragender Service!",2025-08-16,36,6,222
"A agência do Bank Corp está em condições aceitáveis. O espaço é limpo e organizado, com mobília funcional e boa iluminação. Notei sinais de desgaste em algumas áreas, como carpete e pintura, e a sinalização poderia ser mais clara para orientar clientes. A acessibilidade para cadeirantes existe, mas o espaço fica apertado em horários de pico. No geral, atende às necessidades básicas, mas há margem para melhorias na manutenção.",2025-08-19,18,1,37
"La durée d'attente au service au volant de l'agence Bank Corp était un peu plus longue que prévu. Le personnel est resté professionnel et le service s'est déroulé correctement une fois arrivé au guichet, mais j'ai passé plusieurs minutes à attendre avant d'être pris en charge. Une meilleure gestion des files réduirait l'attente.",2025-07-09,5,1,447
"J’ai utilisé le service de coffre bancaire de Bank Corp. L’accès était très sécurisé et le personnel accueillant et professionnel. La salle des coffres est propre et bien organisée ; la procédure d’identification est stricte mais expliquée clairement. J’ai attendu un peu faute de rendez-vous, mais l’ensemble reste satisfaisant. Je recommande pour la sécurité et la qualité du service.",2025-08-29,34,4,590
"Ich war kürzlich in einer Filiale von Bank Corp. Die Mitarbeiterin am Schalter war professionell, kompetent und freundlich, hat meine Fragen verständlich beantwortet und die Überweisung zügig abgewickelt. Insgesamt ein positiver Eindruck von Service und Fachwissen. Ein kleiner Minuspunkt: Die Wartezeit war etwas länger als erwartet. Trotzdem komme ich gern wieder.",2025-06-28,40,4,673
"Pésima experiencia en la sucursal de Bank Corp. Esperé más de una hora sin atenderme, sin información ni disculpas. La organización es un desastre: nadie gestiona los turnos y el personal muestra indiferencia total. Perdí tiempo valioso y no resolvieron mi trámite. No volveré y no lo recomiendo.",2025-07-23,31,4,73
"I had a terrible experience accessing my security deposit box at Bank Corp. Staff were disorganized and kept me waiting nearly an hour; then the manager refused to unlock the box without paperwork I’d already provided. A teller mishandled the key, the lock stuck, and they charged an unexplained fee. Felt unsafe and unsupported — I’m moving my valuables elsewhere.",2025-07-15,5,5,313
"I visited Bank Corp's drive-thru last week and waited 25 minutes with only a couple of cars ahead. Staff seemed overwhelmed and clerks took a long time with each customer. When I was finally served, the transaction was handled correctly but the extended wait made the experience frustrating. For a busy branch, they need better staffing or faster processes. I'll think twice about using the drive-thru again.",2025-08-16,7,6,33
"Ich bin sehr zufrieden mit dem Zugriff auf mein Bankschließfach bei Bank Corp. Die Terminvereinbarung war schnell, das Personal äußerst freundlich und kompetent. Der Tresorraum ist sauber, diskret und gut gesichert, die Abläufe sind klar und effizient. Ich fühlte mich jederzeit sicher und gut betreut. Besonders gefallen haben mir die flexiblen Öffnungszeiten und die ruhige Atmosphäre. Sehr empfehlenswert für alle, die Wert auf Verlässlichkeit und Datenschutz legen.",2025-08-27,36,1,441
"Visité una sucursal de Bank Corp y la experiencia fue pésima. El cajero fue grosero, indiferente y claramente sin profesionalismo; tardaron demasiado, dieron información errónea y trataron mis dudas con desdén. Me sentí ignorado, con servicios mal realizados y sin soluciones. No volveré ni recomendaré esta sucursal. Inaceptable para un banco.",2025-08-02,47,3,491
"Mi experiencia al acceder a una caja de seguridad en Bank Corp fue rutinaria. El proceso requirió cita, la entrada y la identificación fueron verificadas y el personal siguió los protocolos. El espacio era limpio, aunque el horario disponible es limitado. El trámite tomó algo más de tiempo de lo esperado.",2025-06-26,13,1,376
"Die Filiale von Bank Corp ist in hervorragendem Zustand: modern, sauber und sehr gut gepflegt. Die Räume sind hell, klimatisiert und komfortabel eingerichtet, mit ausreichend Sitzplätzen, klarer Beschilderung und barrierefreiem Zugang. WC und Parkplätze sind ordentlich. Ich habe mich sofort wohlgefühlt – ein einladender, professioneller Ort für Bankgeschäfte.",2025-09-12,5,2,135
"Mein Besuch bei Bank Corp verlief insgesamt professionell. Die Mitarbeiterin am Schalter war sachlich und höflich, bearbeitete die Angelegenheiten zügig und konnte meine Fragen beantworten. Die Wartezeit war akzeptabel, die Abläufe wirkten routiniert. Verbesserungswürdig wären etwas ausführlichere Erklärungen zu Gebühren und Konditionen. Insgesamt ein ordentlicher Service, aber nicht besonders persönlich.",2025-08-01,30,6,93
"Visite à une agence Bank Corp décevante. Le guichetier(e) manquait de professionnalisme : ton brusque, explications insuffisantes sur les frais et erreur dans un dépôt. Longue attente, puis traitement hâtif sans vérification des documents. Je suis reparti(e) inquiet(ète) et peu en confiance. Espérons une meilleure formation du personnel et plus d'attention aux clients.",2025-08-05,34,6,325
"Expérience désastreuse au drive de Bank Corp. J'ai attendu 25 minutes sans la moindre explication, personnel débordé et aucune excuse. Inacceptable pour une banque. Je ne reviendrai pas et déconseille fortement ce service lent et mal organisé.",2025-08-01,28,2,51
"Service exécrable chez Bank Corp. Attente interminable à l'intérieur de l'agence (plus de 45 minutes) sans explication ni excuse. Personnel débordé, désorganisé et sans considération pour les clients. Aucune communication, aucun geste commercial — une perte de temps totale. Je ne reviendrai pas et déconseille fortement.",2025-06-26,43,3,96
"Visitei uma agência do Bank Corp e usei o drive-thru. Esperei alguns minutos além do esperado, mas a equipe foi eficiente, educada e resolveu minha pendência rapidamente. A comunicação foi clara e o atendimento pessoal compensa a pequena demora. Gostaria de ver tempos de espera reduzidos, mas, no geral, saí satisfeito com o serviço e voltaria.",2025-06-21,24,3,437
"Expérience décevante chez Bank Corp pour accéder à mon coffre-fort. Rendez-vous reporté sans préavis, personnel peu réactif et procédure d'identification lente. Local peu discret et vétuste, accès limité aux heures d'ouverture, et frais élevés pour un service aussi sensible. J'ai attendu 40 minutes après l'heure prévue. Ne correspond pas aux attentes pour la sécurité et la confidentialité ; des améliorations sont nécessaires.",2025-08-04,24,2,406
"Visitei a agência do Bank Corp e fiquei decepcionado com as condições do local. Carpete gasto, iluminação fraca e ar-condicionado com mau funcionamento deixaram a experiência desconfortável. Banheiro sujo e falta de cadeiras suficientes para esperar em horários de pico. Sinalização confusa e caixas automáticos com filas longas. Precisa de reformas e manutenção urgente para oferecer um ambiente digno aos clientes.",2025-08-15,19,5,450
"Die Filiale von Bank Corp wirkt insgesamt ordentlich, mit sauberem Verkaufsraum und funktionierenden Automaten. Warteräume sind ausreichend, aber Sitzplätze könnten erweitert werden. Beschilderung ist größtenteils klar, einige Schilder sind jedoch klein und schwer zu lesen. Barrierefreiheit ist grundsätzlich gegeben, Türschwellen und Rampen sind vorhanden, aber der Zugang könnte besser beleuchtet sein. Insgesamt akzeptabler Zustand mit Raum für kleinere Verbesserungen.",2025-07-05,34,3,232
"I visited my local Bank Corp branch to access my security deposit box. The appointment system was straightforward and staff verified my ID and key efficiently. The vault area felt secure and clean, though I waited about twenty minutes past my scheduled time. Overall the process was professional and routine with clear access policies.",2025-06-24,42,2,348
"Passei pelo drive-thru do Bank Corp e o atendimento foi educado, porém o tempo de espera foi maior do que o esperado, o que tornou a experiência um pouco demorada. A operação foi concluída corretamente, mas sugiro melhorar o fluxo ou reforçar a equipe nos horários de pico para reduzir a espera.",2025-07-16,47,2,289
"Expérience catastrophique chez Bank Corp. Les agences sont sales, le mobilier usé, la climatisation en panne et les distributeurs hors service. Files d'attente mal gérées, signalisation inexistante et sièges inconfortables. Sentiment d'insécurité le soir. Inadmissible pour une institution financière — conditions déplorables qui montrent un mépris total pour les clients.",2025-07-27,12,3,44
Visited Bank Corp drive-thru today — waited nearly 20 minutes with only two cars ahead. Staff seemed friendly but slow; teller had to step inside repeatedly. No explanation or apology for the delay and no visible queue management. For a busy location this is disappointing; I came for a quick deposit and lost half an hour. Hoping Bank Corp improves staffing and speed at the drive-thru.,2025-09-01,2,5,44
"I visited my local Bank Corp branch and was pleased with the teller's professionalism. She processed my deposit quickly, explained account options clearly, and answered my questions patiently. The service felt efficient and courteous, and I left feeling confident my transaction was handled correctly. Slightly better signage for forms would help, but overall a positive banking visit.",2025-07-28,42,2,190
"The branch was run-down: peeling paint, broken chairs, dim lighting, and the restroom was untidy. ATM out of order and the waiting area cramped; staff were polite but seemed overwhelmed. I expect cleaner, more functional facilities from Bank Corp. Won’t be visiting often until improvements are made.",2025-08-17,33,4,275
"Esperei mais de 30 minutos dentro da agência sem ser atendido. A fila não andava e havia poucas atendentes. Quando finalmente fui chamado, o atendimento foi cordial, mas apressado. Para um banco do porte da Bank Corp, esperava mais organização e aviso sobre o tempo de espera. Saí frustrado e com vontade de resolver serviços online na próxima vez. Não recomendo para quem tem pouco tempo.",2025-09-10,2,2,143
"Visitei a agência do Bank Corp e foi uma das piores experiências: instalações sujas, chão com sujeira, banheiros em péssimo estado e ar-condicionado quebrado. Bancos rasgados, iluminação fraca, sinalização confusa e nada de higienização — parecia abandonada. Não volto e não recomendo até que façam reparos e limpeza urgente.",2025-07-24,49,4,211
"Visité la sucursal de Bank Corp y la atención del cajero dejó mucho que desear. Parecía poco experimentado, tomó decisiones inseguras, demoró la operación y no explicó los pasos. Además fue poco profesional al mostrar impaciencia cuando pedí aclaraciones. Salí confundido y con dudas sobre la transacción. Espero que capaciten mejor al personal; así no se genera confianza en un banco.",2025-08-25,2,2,327
"Mi experiencia en la sucursal de Bank Corp fue terrible. El cajero mostró una falta total de profesionalismo: fue grosero, desinteresado y poco eficiente. Me atendieron con indiferencia, cometieron errores en mi operación y no ofrecieron soluciones. La demora fue innecesaria y no recibí disculpas ni explicaciones claras. No recomiendo esta sucursal hasta que mejoren el trato y la capacitación del personal.",2025-07-22,42,4,445
"I've been a Bank Corp customer for years, but accessing my security deposit box has been frustrating. Branch hours are limited, the appointment system is confusing, and staff seemed indifferent about repeated delays. Every visit required excessive ID checks and paperwork, and the process felt slow with little privacy. For a service that promises secure, convenient access, this was disappointing.",2025-08-24,7,3,87
"Visitei a agência do Bank Corp e fiquei chocada com as condições. Ambiente sujo, banheiros imundos, ar-condicionado quebrado e móveis desgastados. Iluminação precária, janelas com infiltração e cheiro de mofo. Acessibilidade inexistente e aparente falta total de manutenção. Inaceitável para um banco — péssima imagem e falta de respeito com os clientes.",2025-09-06,35,3,339
"I visited Bank Corp last week and had a short wait inside the branch—about 15 minutes during mid-day. Staff were friendly and efficient once I was called, and the teller resolved my issue quickly. The seating and signage made the wait comfortable. Overall a somewhat positive experience; shorter lines would be ideal, but service quality made up for the brief delay.",2025-08-26,3,4,372
"L'attente à l'intérieur de l'agence a été un peu longue, mais le personnel était accueillant et professionnel. On m'a informé du délai et l'agent qui m'a aidé a résolu ma demande rapidement et clairement. L'espace est propre et bien organisé, ce qui rend l'attente plus supportable. Globalement, expérience plutôt positive malgré le temps d'attente — je reviendrai si besoin.",2025-06-22,46,4,529
"Tive uma experiência excelente com meu gerente na agência do Bank Corp. Profissional, atencioso e extremamente competente, explicou todas as opções com clareza e paciência. Processos foram rápidos e sem burocracia desnecessária. Recomendo o atendimento para quem busca confiança e eficiência em serviços bancários.",2025-08-20,17,4,423
"Las sucursales de Bank Corp están generalmente bien mantenidas: salas de espera limpias, buena iluminación y quioscos funcionales. El personal mantiene el orden y la señalización facilita encontrar cajeros y ventanillas. Sólo noté que algunos asientos están desgastados y un cajero automático estuvo fuera de servicio un día. En general la experiencia en términos de instalaciones es positiva y cómoda, con espacio para mejorar detalles menores.",2025-08-28,46,4,572
"Tive uma experiência positiva com a profissionalidade da caixa no Banco Corp. A atendente foi cortês, paciente e demonstrou conhecimento ao resolver minha dúvida rapidamente. Explicou os procedimentos de forma clara e cuidou dos detalhes com atenção. Só achei a fila um pouco longa naquele dia, mas o serviço foi eficiente e me senti bem atendido. Recomendo o atendimento presencial para quem busca atenção personalizada.",2025-07-13,34,3,260
"I recently visited Bank Corp's downtown branch to access my safety deposit box. The staff were professional and the vault area felt secure and clean. I appreciated the clear ID checks and that the manager met me promptly for my appointment, though the appointment window was a bit narrow. Access was smooth and confidential. Overall a positive experience—reassuring security with friendly service; I'd use their safe-deposit service again.",2025-08-17,6,2,685
"Ich war heute im Drive‑Thru von Bank Corp. Die Wartezeit war länger als erwartet, sodass ich etwas Geduld brauchte. Die Mitarbeitenden waren freundlich, aber die Abläufe wirkten etwas langsam. Insgesamt klappt das Serviceangebot, könnte aber durch zusätzliche Besetzung oder klarere Kommunikation beim Warten verbessert werden. Für Routinegeschäfte ist es in Ordnung, bei Zeitdruck jedoch nicht ideal.",2025-09-01,30,2,363
"Ich bin sehr zufrieden mit Bank Corp. Mein Berater zeigte hohe Fachkompetenz, war stets freundlich, geduldig und ging individuell auf meine Bedürfnisse ein. Die Beratung in der Filiale war professionell, transparent und effizient. Dank der kompetenten Unterstützung fühle ich mich sicher in meinen Finanzentscheidungen. Absolut empfehlenswert!",2025-07-25,32,1,255
"Excelente experiência na agência da Bank Corp. O tempo de espera foi mínimo — fui atendido em poucos minutos. Equipe muito eficiente e atenciosa, procedimentos rápidos e sem complicação. Atendimento cordial e profissional. Recomendo a Bank Corp pela agilidade no atendimento presencial.",2025-07-17,36,3,437
"Mi experiencia en una sucursal de Bank Corp fue decepcionante. El asesor mostró falta de profesionalismo: respuestas vagas, poco conocimiento de los productos y escasa disposición para ayudar. Además hubo largas esperas y trato impersonal. Salí con más dudas que cuando entré. Esperaba un servicio profesional; necesitan mejorar la capacitación y la atención al cliente.",2025-07-26,34,1,686
"Tive uma experiência excelente na agência da Bank Corp. O atendimento foi extremamente profissional, atencioso e eficiente; esclareceram todas as minhas dúvidas com paciência. Processo rápido, transparente e cortês. Saí muito satisfeito(a) e recomendo a Bank Corp pelo serviço humano e competente.",2025-06-21,42,2,310
"La atención del cajero en la sucursal de Bank Corp fue profesional y eficiente. Me atendieron con cortesía, resolvieron mi trámite y respondieron mis dudas con claridad. Los tiempos de espera fueron razonables. Sería útil que informaran con más detalle los requisitos para operaciones menos comunes. En general, experiencia correcta y sin incidencias.",2025-08-09,19,3,149
"Terrible expérience au drive de Bank Corp. J'ai attendu plus de 30 minutes sans aucune excuse ni explication — inadmissible pour une banque. Le personnel semblait indifférent, la file n'avançait pas et personne ne gérait la situation. Je suis reparti furieux et je déconseille fortement ce lieu. Service lamentable, je n'y remettrai jamais les pieds.",2025-08-15,47,2,558
"Excelente experiencia en Bank Corp. Mi asesora fue muy profesional y demostró gran experiencia: explicó opciones claras, respondió todas mis dudas y me guió con paciencia en la apertura de mi cuenta y planificación financiera. La atención en la sucursal fue ágil y cordial. Me siento tranquilo y bien asesorado; recomiendo ampliamente sus servicios.",2025-08-09,31,3,238
"Expérience d'accès au coffre-fort chez Bank Corp décevante. Rendez-vous long à obtenir, procédure administrative lourde et employés peu informés. On m'a fait attendre 30 minutes malgré rendez-vous; système de sécurité strict mais mal expliqué, pas d'indication claire pour se rendre au local. Espace propre mais stressant. Si vous cherchez rapidité et clarté, ce n'est pas idéal. Espère des améliorations dans l'accueil et les explications.",2025-08-22,2,6,689
"I visited Bank Corp and the teller was professional, knowledgeable, and handled my transaction efficiently. They clearly explained my options and answered questions with patience. The line was a bit long, so I waited longer than expected, but the teller’s competence made the visit worthwhile. Overall, a positive experience with room for improved speed during busy times.",2025-07-18,8,5,674
"Terrible experience at Bank Corp. The teller was rude, dismissive, and unprofessional — rolling their eyes, speaking sharply, and offering no real help. They made errors with my deposit, provided conflicting information, and seemed uninterested in fixing the problem. I left frustrated after waiting far too long and had to escalate later to correct the mistake. Completely unacceptable service at a basic retail banking branch.",2025-08-06,38,4,539
"Horrível experiência: esperei mais de 50 minutos dentro da agência da Bank Corp sem ser chamado. Nenhum funcionário se preocupou em explicar a demora, filas mal organizadas e atendimento lentíssimo. Péssimo para quem tem compromisso — não recomendo.",2025-07-01,15,6,308
"Expérience catastrophique chez Bank Corp. Le conseiller en agence s'est montré inefficace, impoli et peu professionnel : informations contradictoires, délais non respectés et dossiers abandonnés. Attente interminable, promesses non tenues et aucune prise en charge satisfaisante. Je suis sorti frustré et sans solution. Je ne recommande pas cette agence si vous cherchez sérieux et compétence — fuyez avant d'avoir perdu temps et argent.",2025-09-05,11,5,414
"La sucursal de Bank Corp está en buen estado general: las instalaciones son limpias y bien iluminadas. Hay suficiente mobiliario y la sala de espera es cómoda, aunque los asientos podrían renovarse. Los cajeros automáticos funcionan correctamente y la señalización es clara, pero el acceso para personas con movilidad reducida es limitado. Los baños están aseados pero pequeños. En general, apropiada para trámites presenciales, con margen de mejora en accesibilidad y mantenimiento del mobiliario.",2025-08-30,12,4,41
"Die Filiale von Bank Corp ist insgesamt sauber, gut beleuchtet und modern eingerichtet. Sitzgelegenheiten und Tresen sind bequem, die Beschilderung klar und der Zugang barrierefrei. Besonders gefiel mir das gepflegte Ambiente und die höflichen Mitarbeiter. Verbesserungswürdig sind die Wartezeiten zu Stoßzeiten und die Parkplatzbeschilderung. Insgesamt hinterlässt die Filiale einen positiven, vertrauenswürdigen Eindruck.",2025-06-16,34,2,625
"Ich habe kürzlich ein Schließfach bei Bank Corp eröffnet und war insgesamt zufrieden. Die Filiale war sauber, der Tresorraum gut gesichert und das Personal höflich und kompetent. Die Zugangsvorgänge wurden klar erklärt; einzige kleine Nachteile waren die Terminvergabe und eingeschränkten Öffnungszeiten, die etwas Wartezeit erzeugten. Die Gebühren wurden transparent dargestellt. Insgesamt fühle ich mich mit meinen Wertsachen gut aufgehoben und würde Bank Corp für Schließfachlösungen empfehlen.",2025-06-28,44,2,281
"Tuve una excelente experiencia al acceder a mi caja de seguridad en Bank Corp. La sucursal es muy segura y accesible, el personal fue amable, profesional y eficiente, el proceso rápido y la sala impecable y discreta. Me dieron total confianza y tranquilidad. Recomiendo totalmente Bank Corp para cualquier necesidad de caja de seguridad.",2025-09-02,32,6,236
"Visited a Bank Corp branch for a deposit and account question. The teller greeted me, processed the transaction efficiently, and maintained a professional demeanor. She appeared knowledgeable and explained the fees clearly. I experienced a short wait during a busy period, but overall the service met expectations. Polite and competent staff; minor delay.",2025-08-10,1,4,583
Excelente experiência na agência da Bank Corp. Cheguei e fui atendido rapidamente — fila curta e tempo de espera mínimo. Funcionários eficientes e simpáticos resolveram meu assunto em poucos minutos. Ambiente organizado e confortável. Recomendo para quem valoriza agilidade e bom atendimento.,2025-08-06,21,5,142
"Ich bin sehr zufrieden mit den Filialen von Bank Corp. Die Räumlichkeiten sind modern, sauber und gut beleuchtet. Komfortable Wartebereiche, funktionale Schalter und barrierefreie Zugänge machen Besuche angenehm. Sicherheitsmaßnahmen und Informationsdisplays sind professionell. Mitarbeiter sind stets freundlich, das gesamte Ambiente wirkt einladend und effizient. Absolute Empfehlung für angenehme Vor-Ort-Bankgeschäfte.",2025-07-04,38,3,629
"Visited a Bank Corp branch recently. The teller was professional, courteous, and processed my transaction efficiently. They answered my questions clearly and followed standard procedures. Overall the experience met my expectations — competent service with no issues, though nothing particularly memorable.",2025-08-12,32,6,244
"Visited Bank Corp branch to discuss mortgage options. The advisor was punctual and professional, explained products clearly and answered questions patiently. Some paperwork took longer than expected and the lobby was busy, but the banker followed up by email with requested details. Overall a competent experience — staff know their products, though service speed could improve.",2025-06-23,14,2,51
"Très bonne expérience dans une agence Bank Corp. Le personnel au guichet a fait preuve d’un grand professionnalisme : accueillant, efficace et à l’écoute. Il a expliqué clairement les démarches, traité ma demande rapidement et avec courtoisie. J’ai été vraiment satisfait(e) et recommande vivement cette agence et les équipes de Bank Corp.",2025-06-29,10,6,183
"La espera dentro de la sucursal de Bank Corp fue algo larga; esperé unos quince o veinte minutos antes de ser atendido. El personal fue amable y eficiente al resolver mi trámite, pero sería recomendable optimizar la gestión de filas para reducir el tiempo de espera.",2025-07-12,8,5,363
"Péssima experiência com o caixa na agência do Bank Corp. O(a) funcionário(a) foi rude, impaciente e despreparado(a), demorou sem justificativa, cometeu erros no atendimento e respondeu com grosseria às minhas perguntas. Total falta de profissionalismo, cortesia e conhecimento. Inaceitável — jamais voltarei a essa agência e espero que a gerência tome providências.",2025-08-25,11,1,605
"Visited Bank Corp branch yesterday. The teller was professional and efficient, handled my deposit and account inquiry without mistakes. They explained fees and next steps clearly and followed security procedures. Service was timely; waiting time was reasonable. Overall a competent, businesslike experience that met expectations for a routine banking visit.",2025-09-02,39,1,272
"Ich habe kürzlich den Schließfachservice bei Bank Corp genutzt. Die Filiale war sauber, das Personal freundlich und kompetent – die Anleitung zum Zugang war klar. Die Sicherheitsmaßnahmen wirkten vertrauenswürdig. Einziger Kritikpunkt: die Wartezeit bei der Identitätsprüfung war etwas länger als erwartet. Insgesamt bin ich zufrieden und würde das Schließfach für wichtige Unterlagen empfehlen.",2025-08-24,46,6,51
"Katastrophaler Service bei Bank Corp. Am Drive-Thru wurde ich ewig warten gelassen, niemand kümmerte sich und die Schlange bewegte sich kaum. Unverschämt und völlig inakzeptabel für eine Bank. Ich komme nie wieder und kann diesen Standort dringend nicht empfehlen.",2025-08-19,25,1,220
"Bank Corp branches are generally clean and well-maintained, with friendly staff and clear signage. Waiting areas have comfortable seating and free hand sanitizer, though some locations could use fresher paint and better lighting in the evenings. The restrooms are tidy but a couple of branches need more frequent cleaning during busy hours. Overall, I feel safe and attended to — small maintenance improvements would make visits even better.",2025-07-10,36,3,255
"Visitei a agência do Bank Corp para acessar meu cofre de segurança. O processo exigiu agendamento, apresentação de documento e assinatura de formulários. O atendente foi cortês e explicou as regras, embora o tempo de espera tenha sido um pouco maior do que eu esperava. As instalações estavam limpas e o procedimento foi seguro. No geral, a experiência foi satisfatória, mas pode melhorar a agilidade.",2025-07-16,28,3,387
"Excelente experiencia en Bank Corp: la espera dentro de la sucursal fue mínima, me atendieron rápidamente y con mucha amabilidad. El personal fue eficiente y resolvió todo en pocos minutos. Instalaciones cómodas y proceso ágil. Recomiendo esta sucursal a quien valore rapidez y buen servicio.",2025-07-24,42,5,617
"Mi experiencia con el asesor de la sucursal de Bank Corp fue decepcionante. Llegó tarde a la cita, mostró falta de preparación y no aclaró mis dudas sobre los productos. Además habló de forma cortante y no ofreció alternativas claras. Espero mayor profesionalismo y atención; no volvería sin ver mejoras significativas.",2025-07-10,41,5,677
"Visited Bank Corp to access my security deposit box. Staff was courteous and efficient, guided me through ID and paperwork clearly. The vault area was clean and secure, and access felt safe. Wait time was a bit longer than expected during midday, but overall a smooth experience. I’d recommend Bank Corp for reliable, professional safety deposit services.",2025-09-04,39,4,199
"Ich besuchte kürzlich eine Filiale von Bank Corp. Die Mitarbeiterin am Schalter war sachlich und professionell. Die Beratung war kompetent, die Bearbeitung meiner Anliegen zügig. Freundlichkeit war vorhanden, aber nicht übermäßig persönlich. Die Atmosphäre in der Filiale wirkte ordentlich. Insgesamt ein solider, problemloser Service – nichts Außergewöhnliches, aber zuverlässig erledigt.",2025-06-25,35,6,297
"Visité una sucursal de Bank Corp y la experiencia con la cajera fue deplorable. Atención grosera, lenta y totalmente poco profesional; no supo resolver un trámite básico y me trató con indiferencia. Perdí tiempo y paciencia. No recomiendo esta sucursal bajo ningún concepto.",2025-09-05,16,1,681
"Tive uma experiência excelente ao acessar o cofre de segurança no Banco Corp. Atendimento cordial e profissional, a equipe explicou tudo com clareza e o processo foi rápido e seguro. As instalações são impecáveis e sinto muita confiança na proteção dos meus documentos. Horário flexível e procedimentos eficientes. Recomendo o serviço a quem busca segurança e tranquilidade.",2025-06-30,10,3,119
"Visité la sucursal de Bank Corp recientemente. Las instalaciones están en general en buen estado: la limpieza es adecuada, la iluminación y la temperatura son confortables. Hay suficiente mobiliario y señalización clara, aunque el área de espera puede resultar estrecha en horas punta. Los baños estaban limpios pero necesitan mantenimiento menor. En general las condiciones de la sucursal son aceptables y funcionales para realizar trámites.",2025-06-13,24,1,462
"Le temps d'attente au service au volant de Bank Corp était parfois plus long que prévu, surtout aux heures de pointe. Le personnel reste professionnel et le service efficace une fois au guichet. Si vous êtes pressé, prévoyez un peu de temps supplémentaire; autrement, l'expérience est acceptable.",2025-07-22,9,5,117
"Visited Bank Corp branch today. The teller was professional and handled my deposit efficiently, verifying details accurately and answering questions clearly. Wait time was moderate but reasonable. Communication was courteous, though the teller seemed somewhat rushed. Overall a satisfactory experience; I'd appreciate slightly more time for explanations during busy periods.",2025-09-11,8,5,640
"Terrible experience with Bank Corp's advisor. The banker was dismissive, unprofessional, and gave inaccurate advice that wasted my time. Appointments started late, staff were rude, and promised follow-ups never happened. Errors on my account were blamed on me and took weeks to resolve with no apologies. I will not trust them for any financial matters and strongly advise others to look elsewhere.",2025-07-14,8,2,470
"J'ai visité l'agence Bank Corp près de chez moi. Les locaux sont propres, modernes et bien agencés, avec une salle d'attente confortable et des guichets accessibles. L'éclairage est agréable et les équipements fonctionnent bien. Seul bémol : parfois l'affichage de la file d'attente est lent et les toilettes pourraient être mieux entretenues. Globalement, une bonne expérience, je recommande cette agence pour sa propreté et son accueil.",2025-06-23,24,1,446
"La sucursal de Bank Corp está limpia y bien iluminada; las salas de espera son cómodas y los cajeros automáticos funcionan correctamente. La accesibilidad para personas con movilidad reducida y la señalización son adecuadas. En horas pico puede haber filas largas y el estacionamiento es algo limitado, pero el personal mantiene el área ordenada. En general, la condición de las instalaciones es buena y ofrece una experiencia agradable, con margen de mejora en la gestión de la espera.",2025-08-04,48,6,6
"Visitei a agência do Bank Corp para acessar meu cofre de segurança. O atendimento foi profissional e as instalações pareciam seguras. O processo de abertura da sala e verificação de identidade foi claro, embora tenha demorado mais do que esperava devido à fila. Informações sobre tarifas eram fornecidas, mas poderia haver mais orientação sobre horários disponíveis. No geral, experiência adequada para quem busca segurança e privacidade.",2025-07-29,17,4,379
"Expérience catastrophique chez Bank Corp. Les conseillers affichent un manque flagrant de professionnalisme et de compétence : informations contradictoires, délais non respectés, erreurs sur mes documents et aucun suivi. Accueil froid, attitude désinvolte, on se sent ignoré et mal guidé. Je déconseille vivement cette agence à quiconque cherche un service bancaire sérieux.",2025-08-17,47,5,373
"Tuve una experiencia decepcionante al intentar acceder a mi caja de seguridad en la sucursal de Bank Corp. Citas complicadas, horarios reducidos y personal que tardó en resolver el papeleo hicieron la visita larga y frustrante. La comunicación fue confusa y nadie ofreció alternativas razonables. Esperaba más eficiencia y cortesía de un banco grande.",2025-08-28,21,4,9
"Visitei a agência do Bank Corp e fiquei frustrado com a longa espera dentro da agência. Havia poucas janelas de atendimento e demorei mais de 30 minutos, mesmo com horário marcado. Funcionários parecem atarefados e a organização deixa a desejar. Atendimento cordial, mas a demora compromete a experiência — precisam melhorar o fluxo para reduzir o tempo de espera.",2025-07-30,21,1,674
"Fui ao drive-thru do Bank Corp. O tempo de espera foi um pouco maior do que eu esperava, cerca de 10 minutos, mas o atendente foi atencioso e resolveu tudo com eficiência. Área organizada e processo claro. No geral, experiência positiva — só reduzir a fila tornaria perfeito.",2025-08-28,44,3,283
"Mi experiencia en la sucursal Bank Corp fue lamentable. La cajera fue grosera, indiferente y totalmente poco profesional; tardó demasiado y además cometió errores en mi depósito. No ofreció explicación ni solución, y la supervisión no hizo nada. Me siento decepcionado y no recomendaré esta sucursal; buscaré otro banco con personal competente y respetuoso.",2025-06-30,22,2,696
"Experiencia muy deficiente con Bank Corp. El asesor fue poco profesional, impuntual y desentendido; no respondió mis preguntas, ofreció información confusa y mostró falta de interés por resolver problemas. La atención en la sucursal fue fría y burocrática, con largas esperas y errores en mi cuenta. No recomendaría sus servicios; me sentí maltratado y decepcionado.",2025-09-07,49,2,430
"Estou muito satisfeito com as instalações do Bank Corp. As agências são modernas, limpas e bem organizadas. Espaços confortáveis, assentos suficientes, iluminação agradável, ar-condicionado funcionando e ótimo sinal de Wi-Fi. A sinalização facilita encontrar os serviços e há acessibilidade para cadeirantes. Filas rápidas e caixas eletrônicos sempre em bom estado. Senti-me seguro e bem atendido. Recomendo!",2025-08-18,29,2,125
"J'ai récemment visité une agence de Bank Corp pour ouvrir un compte et discuter d'un prêt. Le conseiller était ponctuel, courtois et compétent : il a expliqué clairement les options et fourni les documents nécessaires. L'attente en agence était raisonnable, le suivi postal un peu lent. Globalement une expérience professionnelle et satisfaisante, sans surprise notable.",2025-07-20,4,3,269
"Terrible experience at Bank Corp. Waited 45 minutes inside the branch before any staff acknowledged me. Tellers seemed overwhelmed and unorganized; no updates, no apology, just closed windows and indifference. Completely unacceptable — I came during posted hours and left furious. Don’t waste your time here.",2025-09-03,29,2,124
"Excelente experiencia accediendo a mi caja de seguridad en Bank Corp. El personal fue profesional y atento, el proceso de verificación rápido y claro. La bóveda es impecable y las medidas de seguridad me dieron mucha tranquilidad. Horarios convenientes y trámite eficiente: pude entrar sin demoras. Muy recomendable para quien busque privacidad y confianza en el resguardo de objetos valiosos.",2025-06-29,24,6,401
"L'accès à mon coffre bancaire chez Bank Corp a été simple et rapide. Le personnel était professionnel, ponctuel et m'a expliqué clairement les procédures de sécurité. Les locaux sont impeccables et rassurants, les horaires flexibles. Je me sens en confiance pour y conserver mes biens. Je recommande vivement Bank Corp pour la location de coffres.",2025-07-30,16,2,328
"Visitei a agência do Bank Corp hoje. A equipe foi simpática e resolveu meu pedido com eficiência, mas o tempo de espera dentro da agência foi maior do que eu esperava — cerca de 25–30 minutos. A área é confortável e o atendimento, uma vez iniciado, foi rápido. No geral, boa experiência; só seria ótimo reduzir a espera ou melhorar o agendamento.",2025-08-05,5,2,634
"Expérience exceptionnelle chez Bank Corp. Mon conseiller en agence a fait preuve d’un professionnalisme rare : à l’écoute, compétent et disponible. Il a expliqué clairement toutes les options, proposé des solutions sur mesure et traité mes opérations rapidement. Accueil chaleureux, suivi rigoureux et transparence totale — je recommande vivement Bank Corp pour un service bancaire fiable et humain.",2025-08-19,5,4,687
"Fui à agência do Bank Corp e fiquei desapontado com as condições do local. A sala de espera tem cadeiras quebradas e sujas, o ar‑condicionado não funciona bem e a iluminação é fraca. Dois terminais de autoatendimento estavam fora de serviço e a sinalização interna é confusa, o que causa filas desorganizadas. O banheiro estava mal conservado. Precisa de manutenção urgente para oferecer um atendimento mais digno.",2025-07-25,45,5,84
"I visited Bank Corp's local branch to discuss mortgage options. The banker was professional and knowledgeable, answered my questions clearly and reviewed my documents thoroughly. Service was efficient, though I waited about 15 minutes to be seen. Communication was straightforward but follow-up timelines could be clearer. Overall a competent experience with room for minor improvements.",2025-08-12,42,3,96
"Die Wartezeit in der Filiale von Bank Corp war etwas länger als erhofft (ca. 15–20 Minuten), aber nicht ärgerlich. Die Mitarbeiter waren freundlich, hilfsbereit und gut organisiert. Sobald ich dran war, verlief die Beratung zügig und professionell. Insgesamt zufrieden — gerne kürzere Wartezeiten, ansonsten guter Service.",2025-07-28,15,4,357
"I’m always impressed by the condition of my local Bank Corp branch. The facility is spotless and modern, with comfortable seating, bright lighting, and clear signage that makes navigation easy. ATMs and kiosks are well-maintained and reliable, restrooms are clean, and the layout feels safe and accessible. Visiting is a pleasant, efficient experience every time.",2025-09-06,21,2,668
"I visit Bank Corp’s local branch often and am consistently impressed by the immaculate, modern facility. Comfortable seating, clear signage, bright lighting, and accessible layout make every visit efficient and pleasant. The waiting area and ATMs are always tidy, and staff keep the space welcoming and secure. Excellent upkeep and attention to detail — a top choice for convenient, comfortable banking.",2025-07-03,25,6,448
"Excelente experiencia en Bank Corp. La persona en ventanilla fue muy profesional, atenta y eficiente; resolvió todas mis dudas con paciencia y conocimiento, explicando claramente tarifas y opciones. Trámite rápido y sin complicaciones. Salí muy satisfecho con el servicio y la amabilidad del equipo. Recomiendo esta sucursal sin dudarlo.",2025-09-06,20,2,132
"Usei o drive-thru da Bank Corp. O atendente foi cortês e as transações foram realizadas corretamente, mas o tempo de espera acabou sendo um pouco maior do que eu esperava. Demorei cerca de dez minutos até ser atendido. No geral, experiência aceitável, mas a fila poderia ser melhor gerenciada em horários de maior movimento.",2025-08-09,44,2,629
"Visite récente dans une agence Bank Corp. Le guichetier semblait peu professionnel: accueil froid, réponses évasives et traitement lent de ma demande. Erreur sur un formulaire corrigée sans excuse, et aucune explication claire sur les frais. J'ai quitté l'agence frustré, sans solution complète. L'expérience client doit être améliorée: formation et courtoisie indispensables. Décevant pour une banque de cette taille.",2025-06-15,41,4,2
"Esperei 50 minutos na agência do Bank Corp sem ser atendido. A fila estava mal organizada, funcionários ausentes e ninguém explicou a demora. Inaceitável para um banco que se diz focado no cliente. Perdi compromissos por causa da ineficiência — nunca mais volto a essa agência.",2025-07-30,34,5,275
"Tuve que esperar unos 10 minutos en el drive-thru de Bank Corp, un poco más de lo esperado, pero el personal compensó la demora con atención amable y eficiente. La transacción se hizo sin errores y las instalaciones estaban ordenadas. Mejoraría la señalización para agilizar, pero en general una experiencia satisfactoria.",2025-08-24,3,3,243
"Ich bin sehr zufrieden mit dem Zugang zu meinem Schließfach in den Filialen von Bank Corp. Freundliches Personal, schnelle Anmeldung, hohe Sicherheitsstandards, saubere Räumlichkeiten und flexible Öffnungszeiten. Der Zugang ist unkompliziert, die Abläufe professionell und vertrauenswürdig. Jeder Besuch ist stressfrei — ich kann Bank Corp wärmstens empfehlen.",2025-08-05,28,4,139
"Besuch bei Bank Corp eine Katastrophe. Filiale schlecht gepflegt: schmutzige Sitzbereiche, kaputte Möbel, verstopfte Handtrockner, abgestandener Geruch und defekte Klimaanlage. Geldautomat funktionierte nicht, Öffnungszeiten unleserlich, Wartemarken fallen ständig aus. Kein WLAN, unhygienische Toiletten — für eine Bank völlig inakzeptabel. Ich werde nie wieder hingehen und rate dringend von dieser Filiale ab.",2025-07-14,7,5,569
"I had a wonderful experience at Bank Corp today. The teller was extremely professional, courteous, and efficient. They handled my transactions accurately, explained options clearly, and answered all my questions with patience. Their friendly demeanor and attention to detail made the visit quick and pleasant. Exceptional customer service—I'll definitely return and recommend this branch.",2025-06-19,23,2,626
"Instalações lamentáveis. Agência do Bank Corp suja, carpetes manchados, banheiros imundos, ar-condicionado quebrado e cadeiras desconfortáveis. Piso solto e iluminação fraca criam sensação de descuido e insegurança. Atendimento só piora a experiência. Não recomendo — parece que a manutenção nunca acontece e o local transmite total falta de profissionalismo.",2025-07-15,31,5,616
"Extrem enttäuscht von der Professionalität der Berater bei Bank Corp. Unfreundlich, unvorbereitet und beantworteten meine Fragen kaum. Termine wurden mehrfach verschoben, Gebühren unklar erklärt und Empfehlungen wirkten nicht vertrauenswürdig. Ich fühlte mich nicht ernst genommen und werde die Filiale meiden — kein Vertrauen mehr.",2025-08-24,37,6,167
"Visitei uma agência do Bank Corp e fiquei desapontado com o tempo de espera. Mesmo com poucos clientes na fila, demorei mais de 30 minutos para ser atendido. Funcionários parecem sobrecarregados e os atendimentos são lentos. Serviço razoável quando finalmente chamam, mas a espera precisa melhorar.",2025-07-10,23,3,683
"Wait time inside the Bank Corp branch was about 20 minutes during mid-afternoon. Staff were polite and efficient once helped, but seating was limited and the queue wasn't clearly organized. If you're in a rush, consider scheduling an appointment or using online options to avoid the in-branch wait.",2025-06-15,47,5,123
"I visited Bank Corp's downtown branch to access my safety deposit box. The staff confirmed my ID quickly and escorted me to the vault area; the room was clean and secure. The process required signing forms and paying a prorated fee, which was explained clearly. Wait time was about 15 minutes. Hours are limited to weekdays, which could be inconvenient. Overall the access process was straightforward and professional.",2025-07-30,10,3,261
"Visitei a agência do Bank Corp ontem. A fila demorou cerca de 20 minutos, o que foi um pouco acima do esperado, mas a equipe compensou com atendimento atencioso e rápido ao ser atendido. Ambiente limpo e organizado. Melhorariam com mais atendentes em horários de pico, mas no geral saí satisfeito.",2025-08-21,5,6,566
"Minha experiência na agência do Bank Corp foi decepcionante. O(a) caixa parecia sem preparo e pouco profissional: foi impaciente, não explicou os procedimentos e demorou para concluir a operação. Saí com dúvidas e tive que voltar outro dia para resolver o mesmo problema. Esperava mais cortesia e eficiência em serviços básicos. Precisa de treinamento e atenção ao cliente.",2025-07-28,46,6,129
"Ich war kürzlich im Drive‑Thru von Bank Corp. Die Wartezeit war moderat, allerdings kam es während der Stoßzeiten zu längeren Verzögerungen. Die Mitarbeiter waren professionell und die Abwicklung korrekt, doch an stark frequentierten Tagen sollte mit etwas mehr Zeit gerechnet werden. Guter Service, aber verbesserungswürdig bei der Geschwindigkeit im Drive‑Thru.",2025-07-08,51,6,338
"I visited Bank Corp to access my security deposit box. The branch required an appointment and proper ID, which was straightforward. Staff verified my information patiently, but there was a short wait because of limited private vault rooms. The facility felt secure and clean, though signage to the vault area could be clearer. Overall, the process was efficient but slightly slow.",2025-06-28,26,3,276
"Visite d'une agence Bank Corp : locaux globalement propres et bien entretenus, éclairage suffisant et signalisation claire. Espaces d'attente parfois étroits aux heures de pointe ; climatisation fonctionnelle mais quelques sièges usés. Toilettes et distributeurs accessibles, parking limité selon l'emplacement. Conditions acceptables, quelques éléments mériteraient une rénovation.",2025-09-07,9,6,36
"Extrem enttäuschende Erfahrung bei Bank Corp. Die Schalterkraft war unprofessionell, unfreundlich und offensichtlich desinteressiert; Fragen wurden kurz abgewiegelt, Fehler nicht korrigiert. Lange Wartezeit ohne Erklärung, null Hilfe bei einem komplizierten Vorgang. Als Kunde fühlte ich mich nicht ernst genommen – ich werde die Filiale nicht wieder aufsuchen und rate dringend, Personal und Service zu verbessern.",2025-08-14,11,1,76
"Stopped by Bank Corp drive-thru to deposit a check, waited 20 minutes with only one teller handling a long line. Staff were polite but clearly overwhelmed. Not acceptable for a quick transaction; need better staffing or an express lane. I'll think twice about using the drive-thru again unless wait times improve.",2025-08-10,18,6,146
"Terrible experiencia en Bank Corp. Esperé más de 45 minutos dentro de la sucursal para ser atendido, sin información ni disculpas del personal. No había organización, la fila no avanzaba y los empleados parecían desbordados. Inaceptable para un banco; no volveré y no lo recomiendo.",2025-09-07,14,3,144
Terrível atendimento no drive-thru do Bank Corp. Esperei mais de 20 minutos sem qualquer informação; parecia total desorganização e desinteresse dos funcionários. Tempo de espera inaceitável e desrespeito ao cliente — não recomendo e não volto.,2025-07-14,18,1,62
"Bank Corp exceeded my expectations. The advisor at my local branch was knowledgeable, professional, and genuinely caring. They took time to explain options clearly, answered all my questions, and helped me choose the best solution for my needs. The whole process was efficient and reassuring. I left feeling confident and well supported—highly recommend Bank Corp for exceptional banking experience and adviser professionalism.",2025-07-13,39,4,639
"Die Filiale von Bank Corp ist insgesamt ordentlich und gut erreichbar. Die Räumlichkeiten sind sauber, die Beleuchtung angenehm und die Sitzgelegenheiten ausreichend. Besonders positiv fand ich die funktionsfähigen Geldautomaten und klare Beschilderung. Kleine Abzüge gibt es für veraltete Möbel im Wartebereich und gelegentlich längere Wartezeiten. Insgesamt fühle ich mich wohl und komme gerne wieder.",2025-06-28,24,2,117
"Instalações deploráveis na agência do Bank Corp. Sala de espera suja, banheiros imundos, cadeiras rasgadas e ar-condicionado quebrado — parece abandonada. Má conservação e falta de higiene tornam a experiência extremamente desagradável; não recomendo até que façam uma limpeza e manutenção completa.",2025-07-13,49,4,84
"Les conditions des locaux chez Bank Corp sont décevantes. L'agence est mal entretenue : sièges usés, sol taché, éclairage faible et climatisation capricieuse. Les toilettes étaient sales et la signalisation confuse. Les distributeurs sont parfois hors service et il manque une zone d'attente confortable. Le personnel est plutôt professionnel, mais l'environnement rend l'expérience bancale. Espérons des travaux et un meilleur entretien bientôt.",2025-07-21,20,6,101
"Visité la sucursal de Bank Corp y la atención del cajero fue eficiente y profesional. Me explicó claramente las opciones y resolvió mi trámite con rapidez, aunque tuve que esperar unos minutos. Aprecio su amabilidad y conocimiento; hizo la experiencia sencilla y sin complicaciones. Volveré por la buena atención.",2025-08-01,7,6,180
"Ich hatte heute eine hervorragende Erfahrung bei Bank Corp. Die Mitarbeiterin am Schalter war äußerst professionell, kompetent und freundlich. Sie erklärte alle Optionen klar, erledigte meine Überweisung zügig und beantwortete geduldig alle Fragen. Ich fühlte mich gut beraten und sicher aufgehoben. Solch ein effizienter und freundlicher Service ist sehr empfehlenswert!",2025-07-21,25,4,23
"Je trouve les locaux de Bank Corp globalement satisfaisants : propres, bien entretenus et lumineux. Les sièges en salle d'attente sont confortables et les guichets accessibles. Les distributeurs fonctionnent bien. Seul bémol : la signalisation pourrait être plus claire et la climatisation parfois trop forte. Le personnel compense par son efficacité. Dans l'ensemble, une bonne expérience en agence.",2025-06-22,35,6,300
"Fui à agência da Bank Corp ontem para resolver uma transferência e fui atendido por um caixa muito profissional. Demonstrou conhecimento, explicou as opções com paciência e resolveu o problema rapidamente. A única observação é que havia fila e esperei cerca de dez minutos, mas o atendimento compensou. Saí satisfeito com a experiência.",2025-08-20,27,6,181
"Visitei a agência do Bank Corp ontem à tarde e fiquei bastante frustrado com o tempo de espera dentro da agência. Esperei mais de 45 minutos para ser atendido, com apenas dois caixas abertos e sem organização na fila. Funcionários parecem sobrecarregados e falta comunicação sobre o tempo estimado. Muito decepcionante — esperava serviço mais eficiente de um banco grande.",2025-08-08,11,1,255
I visited Bank Corp's drive thru yesterday and waited nearly 20 minutes with only two cars ahead. The teller seemed overwhelmed and the process was slow; no explanation or apology was offered. For routine transactions this level of delay is disappointing—I may choose to go inside or take my business elsewhere if it continues.,2025-09-01,12,6,271
"Schreckliche Erfahrung mit Bank Corp beim Zugriff auf mein Schließfach. Stundenlanges Warten, inkompetentes Personal, widersprüchliche Regeln und zusätzliche Gebühren — trotz rechtzeitiger Terminvereinbarung. Mir wurde sinnloser Papierkram aufgezwungen und der Zugang verweigert. Vertrauensverlust total, ich kündige sofort das Mietverhältnis. Nie wieder Bank Corp.",2025-08-09,46,4,293
"Die Filiale von Bank Corp ist eine Katastrophe. Schmuddelige Räume, abgewetzte Möbel, defekte Geldautomaten und ein verdrecktes WC – einfach unangenehm. Beleuchtung düster, Heizung/Belüftung laut oder ausgefallen, Beschilderung verwirrend. Warteschlangen chaotisch organisiert, barrierearme Zugänge mangelhaft. Das Personal wirkt bemüht, kann den schlechten Zustand der Einrichtung aber nicht kaschieren. Ich werde hier nicht mehr hingehen und kann die Filiale nicht empfehlen.",2025-09-05,41,5,262
Experiência péssima no drive-thru do Bank Corp. Fiquei numa espera interminável enquanto os funcionários pareciam lentos e desorganizados; ninguém explicou o motivo da demora. Acabei perdendo um compromisso importante. Atendimento frio e improvisado — inaceitável para um banco. Não recomendo e vou encerrar minha conta se não melhorarem urgentemente.,2025-07-27,24,5,655
"Je suis client de Bank Corp et je suis déçu par l'état des agences. Propreté médiocre, chaises abîmées et toilettes souvent sales. La climatisation fonctionne mal l'été et l'éclairage est insuffisant. La signalétique est confuse, rendant difficile de trouver le guichet approprié. L'accès pour les personnes à mobilité réduite est limité. Le personnel est poli mais l'environnement nécessiterait un entretien urgent.",2025-08-11,1,1,606
"Je fréquente l'agence Bank Corp du centre-ville. Les locaux sont mal entretenus: moquette tachée, chaises inconfortables, climatisation qui ne fonctionne pas, toilettes rarement propres. La signalisation est peu visible et l'espace d'attente est étroit, surtout aux heures d'affluence. Cela donne une impression négligée et peu professionnelle. Espérons que la direction investisse dans une rénovation et un meilleur entretien pour améliorer le confort des clients.",2025-08-24,15,4,308
"Visite à l'agence Bank Corp : l'attente à l'intérieur a été un peu longue, plus que ce que j'espérais. Heureusement le personnel était professionnel et aimable, l'espace d'attente propre et on m'a aidé efficacement une fois pris en charge. Globalement expérience correcte — j'espère juste une meilleure gestion des files pour réduire le temps d'attente à l'avenir.",2025-08-09,15,5,441
"Tuve una experiencia mayormente positiva con el asesor de Bank Corp. Fue puntual, bien informado y explicó claramente las opciones de cuenta y los costos. Aprecié su paciencia al responder preguntas y su disposición a buscar soluciones personalizadas. El trámite tomó algo más de tiempo de lo esperado, pero la profesionalidad del equipo compensó la espera. Recomendaría acudir con ellos si busca atención detallada y profesional.",2025-09-07,41,4,649
"I visited my local Bank Corp branch and was appalled by the condition of the facility. Dirty floors, peeling paint, a leaking ceiling, foul odor, overflowing trash, and a nonworking ATM made the visit stressful. Restrooms were unsanitary and lacked soap, lighting was dim, and accessibility features were ignored. Staff seemed indifferent. It feels neglected and unsafe — Bank Corp needs urgent cleaning, repairs, and ADA compliance before I'll trust them again.",2025-07-15,47,5,551
"Expérience catastrophique pour accéder à mon coffre-fort chez Bank Corp. Rendez-vous annulé sans explication, personnel indifférent et mal informé, serrure défectueuse et longue attente. Ils ont perdu ma clé et veulent facturer des frais exorbitants pour résoudre leur erreur. Sentiment d'insécurité et manque total de professionnalisme. Je ne recommande absolument pas ce lieu pour un coffre de sécurité — je recherche une autre banque immédiatement.",2025-08-14,43,2,107
"Ich hatte eine ausgezeichnete Erfahrung in der Filiale von Bank Corp. Mein Berater war äußerst professionell, kompetent und nahm sich viel Zeit, um meine Fragen verständlich zu beantworten. Die Beratung war individuell, transparent und effizient; ich fühlte mich jederzeit gut betreut und sicher in meinen Entscheidungen. Freundliches Team, schnelle Abwicklung — sehr empfehlenswert!",2025-06-22,20,6,593
"J’ai utilisé le service d’accès au coffre de sécurité chez Bank Corp dans une agence locale. L’accueil était professionnel et les procédures d’identification, strictes mais compréhensibles. Le délai d’attente était raisonnable; l’espace est propre et bien sécurisé. Les horaires d’accès sont toutefois limités et les frais pourraient être expliqués plus clairement. Globalement, une solution fiable et sûre, avec une marge d’amélioration sur la flexibilité et la transparence des tarifs.",2025-08-12,49,5,585
"Fui a la sucursal de Bank Corp y las condiciones del local dejan mucho que desear. El aire acondicionado no funcionaba, había suciedad en el área de espera y los asientos estaban rotos. Los baños no estaban en buen estado y la señalización es confusa. El personal fue amable, pero deberían mejorar el mantenimiento.",2025-09-02,39,1,527
"I visited a Bank Corp branch recently. The teller was professional and polite, processed my deposit and transfer accurately, and explained the steps clearly. Wait time was a bit longer than expected, but the service remained steady. Overall the interaction was satisfactory and demonstrated competence and proper security procedures.",2025-09-01,29,1,289
"Visite à l'agence Bank Corp décevante. Le guichetier semblait pressé, peu attentif et manquait de professionnalisme : erreurs sur mes formulaires, explications vagues et ton parfois abrupt. J'ai dû revenir pour corriger une opération qui aurait pu être évitée. Le service était fonctionnel mais loin d'être rassurant. J'espère une meilleure formation du personnel et plus d'écoute à l'avenir.",2025-08-24,30,6,272
"Terrible experience at Bank Corp — awful wait time inside the branch. I waited over 45 minutes despite an appointment and watched only one teller struggle while staff ignored the queue. No updates, no apologies, and zero sense of urgency. Completely unprofessional and disrespectful of customers’ time. I’m switching banks — they urgently need better staffing and queue management.",2025-07-15,38,6,629
"Ich hatte eine hervorragende Erfahrung bei Bank Corp. Die Mitarbeiterin am Schalter war ausgesprochen professionell, kompetent und freundlich. Sie beantwortete alle Fragen klar, erledigte die Transaktion zügig und gab hilfreiche Hinweise zu Kontoprodukten. Ihre ruhige und zuvorkommende Art machte den Besuch sehr angenehm. Sehr empfehlenswert!",2025-07-05,44,1,214
"Ich bin enttäuscht vom Drive-Thru bei Bank Corp. Jedes Mal, wenn ich zur Filiale komme, dauert es deutlich zu lange, oft mehrere Minuten, bis ein Mitarbeiter kommt. Es wirkt unterbesetzt und unkoordiniert; ich habe schon Termine verschoben, weil die Schlange nicht vorrückt. Für ein großes Institut erwarte ich effizienteren Service. Verbesserungen bei Personalplanung oder klaren Schildern zur Warteschlange wären nötig.",2025-08-21,29,2,497
"Bank Corp’s drive-thru was impressively fast — I waited less than two minutes. The teller was friendly, efficient, and completed my deposit smoothly. Clear signage and well-organized lanes kept traffic moving, making a busy day much easier. Exceptional wait times and great service; I’ll definitely use Bank Corp’s drive-thru again.",2025-07-16,31,6,343
"Meine Erfahrungen mit Bank Corp waren enttäuschend. Der Kundenberater wirkte unvorbereitet, konnte meine Fragen nicht klar beantworten und gab widersprüchliche Informationen. Termine wurden verschoben und auf E‑Mails antwortete man oft spät oder gar nicht. Die Beratung war formal und wenig lösungsorientiert — ich fühlte mich nicht ernst genommen. Die Filiale war zwar ordentlich, aber die Beratung entsprach nicht meinen Erwartungen; ich werde andere Anbieter prüfen.",2025-08-04,3,2,691
"Visité una sucursal de Bank Corp. El/la cajero/a mostró profesionalismo y experiencia: tramitó mi operación con eficiencia y explicó los pasos claramente. No hubo retrasos significativos, aunque la fila fue algo larga. En general, la atención fue correcta y cumplió con lo esperado para un servicio bancario.",2025-09-10,28,4,416
"J'ai attendu plus de 30 minutes à l'intérieur d'une agence Bank Corp sans explication. Peu de personnel au guichet, personne pour accueillir ni indiquer l'ordre d'arrivée. Les employés semblent débordés et les délais annoncés ne sont pas respectés. J'ai finalement été reçu rapidement mais l'expérience globale est frustrante. Il faudrait plus de personnel ou une meilleure gestion des files d'attente pour éviter ces longues attentes.",2025-06-12,41,1,668
Terrible experience at Bank Corp. Waited 45 minutes inside the branch with minimal movement and no updates. Staff seemed overwhelmed and offered no apology or timeline. Unacceptable for a bank—wasted my lunch break and left without being served. I’ll be taking my business elsewhere unless they fix branch staffing and service.,2025-06-30,38,5,498
"Mi experiencia con Bank Corp ha sido excepcional. El asesor bancario fue profesional, atento y muy conocedor; resolvió todas mis dudas con claridad y recomendó soluciones personalizadas. La atención en la sucursal fue rápida y cordial, y sentí que mis intereses estaban protegidos. Me brindaron confianza y eficiencia en cada paso del proceso. Recomiendo con total seguridad a Bank Corp por su alto nivel de servicio y profesionalismo.",2025-08-29,18,4,452
Terrible experience at Bank Corp drive thru. Waited over 30 minutes with no apology or updates — staff seemed overwhelmed and disorganized. Basic transactions took forever and traffic backed up behind me. Completely unacceptable for a bank. I’ll switch to another branch; do not recommend wasting time here.,2025-08-17,2,2,125
"The Bank Corp branch was generally clean and functional. The lobby and seating were tidy, though some carpeting and chairs showed visible wear. Lighting and temperature were comfortable. Signage is clear but the restroom could use more attention to supplies and maintenance. Accessible entry and nearby parking are adequate. Overall, the facility is serviceable but would benefit from minor repairs and refreshed furnishings.",2025-07-09,18,4,485
"Mein Besuch bei Bank Corp war insgesamt in Ordnung. Die Wartezeit in der Filiale betrug etwa 20 Minuten, was für mich akzeptabel war, auch wenn kein System zur Anzeige der Warteschlange vorhanden war. Die Mitarbeiter wirkten professionell und bearbeiteten Anfragen zügig. Eine klarere Information über erwartete Wartezeiten oder ein Ticket-System würde den Service weiter verbessern.",2025-08-02,24,2,343
Terrible experiencia en la sucursal de Bank Corp. Esperé más de 40 minutos dentro de la sucursal y el personal parecía desorganizado e indiferente; nadie ofreció explicación ni disculpas. El servicio fue lento y poco profesional. No regresaré ni recomendaré esta oficina.,2025-08-24,49,3,367
"J'ai eu une excellente expérience à l'agence Bank Corp. La guichetière était professionnelle, compétente et attentive, expliquant clairement toutes les options et traitant ma demande rapidement. Son sens du service et sa patience ont rendu la visite agréable et rassurante. Je recommande vivement cette agence pour son personnel exemplaire.",2025-09-12,11,2,639
"Visiting Bank Corp to access my safety deposit box was straightforward. The staff were professional and followed security procedures carefully, though the check-in process took longer than I expected. The vault area felt secure and well maintained. Access hours are limited, so plan ahead. Overall an acceptable experience with room for shorter wait times.",2025-09-01,1,3,208
"Visité la sucursal de Bank Corp. Esperé aproximadamente 20 minutos para ser atendido. El personal fue amable, pero el tiempo de espera me pareció algo largo para una operación sencilla. El ambiente en la sala de espera era ordenado y había información disponible, pero sería mejor reducir las filas o mejorar la gestión de turnos. En general, experiencia aceptable.",2025-08-03,27,4,523
"Die Wartezeit im Drive-Thru von Bank Corp war etwas länger als erwartet, aber dafür war das Personal sehr freundlich und kompetent. Die Abläufe sind klar und man wird gut informiert, sodass das Warten erträglich war. Für schnelle Erledigungen empfehlenswert, nur in Stoßzeiten könnte es flotter laufen. Insgesamt zufrieden mit Service und Freundlichkeit.",2025-06-27,17,4,690
"Adorei a experiência na agência do Bank Corp! Cheguei e fui atendido rapidamente; a espera foi mínima, cerca de 5 minutos. Ambiente confortável, equipe atenciosa e processos ágeis. Valorizaram meu tempo e resolveram tudo com eficiência. Recomendo a quem precisa de atendimento presencial: agilidade e ótimo atendimento ao cliente!",2025-07-20,33,6,596
"Meine Erfahrung mit Bank Corp war katastrophal. Der Berater war unvorbereitet, unhöflich und zeigte keinerlei Fachkompetenz. Fragen wurden schlecht oder gar nicht beantwortet, zugesagte Rückrufe blieben aus. Termine wurden kurzfristig abgesagt, Lösungen wurden nicht angeboten. Für eine Filiale dieser Größe ist das inakzeptabel. Ich fühle mich schlecht beraten und auf den Problemen sitzen gelassen. Würde niemandem Bank Corp für ernsthafte Finanzangelegenheiten empfehlen.",2025-07-30,39,6,453
"La cajera mostró profesionalismo y experiencia; tramitó mi operación con eficiencia y explicó las condiciones con claridad. Fue cortés y atenta durante el proceso, y resolvió mis dudas de forma directa. La atención fue correcta, aunque la espera antes del turno fue algo larga. En general, una experiencia neutral-satisfactoria gracias a la competencia del personal, con margen de mejora en los tiempos de espera.",2025-07-28,9,6,119
"Die Filialen von Bank Corp sind hervorragend ausgestattet und gepflegt. Helle, moderne Räume, bequeme Sitzbereiche, klare Beschilderung und barrierefreier Zugang schaffen eine angenehme Atmosphäre. Die Technik funktioniert zuverlässig (Geldautomaten, Terminals), Wartebereiche sind sauber und gut organisiert. Öffnungszeiten und Parkmöglichkeiten machen den Besuch sehr unkompliziert.",2025-09-03,42,6,30
"Ich war gestern in einer Filiale von Bank Corp. Obwohl ich nur eine kurze Anfrage hatte, musste ich fast 40 Minuten warten, und es wirkte offensichtlich unterbesetzt. Die Mitarbeiter waren freundlich, aber die Wartezeit war frustrierend und schlecht organisiert. Für eine Bank, die Kundennähe verspricht, erwarte ich schnellere Abläufe oder klarere Informationen zur Wartezeit.",2025-07-10,3,2,227
"Instalaciones deplorables. Sucias, con mobiliario roto y señales confusas. Filas interminables porque hay pocas ventanillas abiertas; el aire acondicionado no funciona y hace calor. Cajeros automáticos fuera de servicio y baños deplorables. Parece que Bank Corp no invierte en mantenimiento ni en seguridad. Una experiencia incómoda y poco profesional; no volveré.",2025-07-11,43,3,658
Temps d'attente au guichet drive de Bank Corp raisonnable mais parfois variable. J'ai attendu environ 10 minutes lors de ma dernière visite ; le personnel était professionnel mais la file avançait lentement. Ce serait utile d'avoir plus d'agents aux heures de pointe pour réduire l'attente.,2025-08-17,34,2,445
"Die Filiale von Bank Corp macht einen vernachlässigten Eindruck: abgeplatzte Farbe, wackelige Sitzgelegenheiten, schlechte Beleuchtung und eine kalte Wartezone. Die Toiletten waren nicht sauber und ein Geldautomat war defekt. Orientierungsschilder fehlen, sodass man sich leicht verirrt. Das Personal war zwar freundlich, doch die schlechten Zustände sollten dringend behoben werden.",2025-08-21,15,6,363
"Tive uma experiência decepcionante na Bank Corp. O gerente parecia despreparado e pouco profissional: informações contraditórias, demora no atendimento e falta de follow-up sobre meu pedido. Quando questionei, recebi respostas evasivas e pouca empatia. Esperava mais transparência e orientação de um assessor bancário. Não recomendo até que haja melhoria na comunicação e no treinamento da equipe.",2025-09-06,13,2,9
"Ich war kürzlich am Drive‑Thru der Bank Corp. Die Mitarbeiter waren freundlich, jedoch war die Wartezeit länger als erwartet — etwa 10–15 Minuten aufgrund mehrerer Kunden vor mir und verzögerter Abwicklung. Service und Atmosphäre waren in Ordnung, Verbesserungen im Ablauf oder zusätzliche Fenster würden die Wartezeit reduzieren. Insgesamt ein durchschnittliches Erlebnis.",2025-07-21,29,2,405
"O tempo de espera no drive-thru do Bank Corp foi moderado. Esperei cerca de 10 minutos em horário de pico; a equipe foi educada e eficiente quando atendida, mas a fila andou devagar. Bom para serviços rápidos, mas poderia melhorar a velocidade em horários movimentados.",2025-07-27,50,1,682
"Ich habe kürzlich eine Beratung bei Bank Corp in einer Filiale erhalten. Der Berater war kompetent, professionell und hat sich Zeit genommen, meine Fragen klar zu beantworten. Die Empfehlungen wirkten fundiert und passend für meine Situation. Einziger Wermutstropfen: die Wartezeit vor Ort war etwas länger als erwartet. Insgesamt bin ich zufrieden und würde die Filiale für fachkundige Beratung weiterempfehlen.",2025-07-27,38,3,453
"Usei o drive-thru do Bank Corp e esperei cerca de 10 minutos. O atendimento foi educado e resolveu meu pedido, mas a fila avançou devagar. Não foi uma experiência ruim, apenas um pouco mais lenta do que eu esperava. Para quem tem pressa, recomendo verificar horários com menos movimento.",2025-06-15,37,4,124
"Expérience mitigée avec Bank Corp : le conseiller manquait d'expérience et de clarté — réponses évasives, explications superficielles et peu d'initiative pour suivre mon dossier. J'ai attendu longtemps pour des informations qui ne sont jamais arrivées. L'accueil est poli mais le professionnalisme fait défaut. Pour des opérations simples ça passe, mais je déconseille pour des conseils financiers sérieux.",2025-07-12,22,3,449
"I visited my local Bank Corp branch to discuss account options. The advisor was professional, knowledgeable, and explained fees and product differences clearly. Service was courteous and documents were handled accurately. The appointment started later than scheduled and follow-up communication was slow, but overall the interaction was satisfactory and I felt my concerns were addressed.",2025-08-04,2,1,13
"Excelente experiencia al acceder a la caja de seguridad en Bank Corp. El personal fue amable y profesional, el proceso rápido y claro, las instalaciones impecables y la seguridad me brindó total tranquilidad. Pude entrar sin demoras y recibí orientación útil sobre normas y horarios. Recomiendo Bank Corp para quien busque confianza y eficiencia en el resguardo de documentos y valores. Muy satisfecho con el servicio.",2025-09-09,18,5,609
"L'attente à l'intérieur de l'agence Bank Corp a été un peu longue (15–20 minutes), mais le personnel était professionnel et serviable. Une fois pris en charge, mes opérations ont été traitées rapidement et sans erreur. J'apprécie la disponibilité des conseillers ; un affichage des temps d'attente serait cependant un plus.",2025-09-09,40,6,211
"Fiquei muito satisfeito com o tempo de espera na agência do Bank Corp. Cheguei e fui atendido rapidamente, sem filas longas; o atendimento foi eficiente e cordial. O sistema de senhas é organizado e a equipe é pontual e bem preparada. Resolvi tudo em poucos minutos. Recomendo a agência pelo excelente tempo de espera e profissionalismo.",2025-06-20,45,3,318
"Schließfach-Zugang bei Bank Corp: Enttäuschend und ärgerlich. Beim Versuch, mein Schließfach zu öffnen, herrschte Chaos, Mitarbeitende wirkten unqualifiziert, Termine wurden ignoriert. Nach verlorenem Schlüssel gab es nur Ausreden, lange Wartezeiten und zusätzliche Gebühren. Sicherheitsstandards und Kundenservice sind unzureichend. Ich fühle mich missachtet und werde die Bank wechseln.",2025-06-20,7,1,367
"Visited Bank Corp's downtown branch to open an account. The banker was friendly, professional, and clearly knowledgeable—answered all my questions about fees, interest rates, and online tools. I appreciated the clear explanations and the helpful follow-up email. The branch was clean and organized, though the wait was a bit long during midday. Overall a positive experience; I felt confident in the advice and would return for future needs.",2025-06-25,41,3,348
"Schreckliche Erfahrung mit einem Berater bei Bank Corp. Unprofessionell, unhöflich und völlig uninformiert. Lange Wartezeiten, widersprüchliche Auskünfte und keine Lösung für mein Anliegen. Fühlte mich abgeschoben und nicht ernst genommen. Kann diese Filiale und diesen Berater niemandem empfehlen.",2025-06-15,3,6,210
"Terrible experiencia en Bank Corp. Esperé 35 minutos en el drive-thru para una simple consulta y nadie se disculpó. Personal lento, desorganizado y sin explicaciones. Parecen no importarles los clientes. No volveré ni lo recomiendo.",2025-06-30,29,1,259
"Très déçu par l'attente chez Bank Corp. Je suis resté plus de 30 minutes sans explication ni file d'attente claire, alors que quelques agents semblaient débordés. Le personnel était poli mais le service manquait d'organisation. Pour des opérations simples, c'est inacceptable. Espère une meilleure gestion des files et plus de personnel aux heures de pointe.",2025-06-29,41,4,111
"Terrible experience at Bank Corp today. I waited over 45 minutes inside the branch with no updates while only one teller handled a long line. Staff were disorganized and uninterested, offering no apology or solution. Unacceptable for basic banking—I'll be taking my business elsewhere. Avoid this location if you value your time.",2025-08-09,19,3,310
"Je suis déçu par l'état des locaux de Bank Corp. La salle d'attente est mal entretenue : moquette tachée, peinture écaillée, éclairage faible et climatisation défaillante. Le distributeur à l'entrée était hors service et l'accessibilité pour personnes à mobilité réduite est médiocre. L'ambiance générale donne l'impression d'un manque d'entretien et de soin.",2025-08-07,21,6,630
"My visit to Bank Corp was awful. The banker was dismissive, unprofessional, and provided conflicting information I had to chase down myself. Service was slow, staff seemed uninterested, and no one took responsibility. I left frustrated and will not return.",2025-08-22,23,6,268
"Visité la sucursal de Bank Corp la semana pasada. Las instalaciones son en general adecuadas: la sala de espera está limpia y las máquinas funcionan correctamente. Sin embargo, observé falta de asientos durante las horas pico y señalización poco clara para algunos servicios. El acceso para personas con movilidad reducida existe, aunque podría mejorarse. En general, correcta pero con margen de mejora.",2025-09-07,22,5,534
"Mi experiencia con Bank Corp al intentar acceder a mi caja de seguridad fue decepcionante. Las citas son escasas, el personal poco informado y las esperas muy largas. Además no me explicaron claramente las políticas de acceso y me cobraron una tarifa no anunciada. La sucursal aparenta ser segura, pero la falta de organización y comunicación es frustrante. No volvería hasta que mejoren estos aspectos.",2025-08-16,13,1,108
"O atendimento no drive-thru do Bank Corp foi eficiente, mas tive que esperar um pouco além do esperado. A funcionária foi cordial e resolveu minha operação sem complicações. Gostei da limpeza e sinalização do local, o que facilitou a entrada. Seria ótimo reduzir o tempo de espera em horários de pico, mas no geral saí satisfeito pela prestação de serviço.",2025-07-03,49,6,263
"Visitei uma agência da Bank Corp para tratar de assuntos bancários. O tempo de espera dentro da agência foi razoável; esperei cerca de 15 minutos antes de ser atendido. O atendimento foi eficiente, sem grandes atrasos.",2025-07-25,24,3,452
"Mi experiencia en Bank Corp fue excelente. El banquero fue profesional, atento y muy conocedor; explicó las opciones con claridad y paciencia. Me sentí escuchado y confié plenamente en sus recomendaciones. Tramitó todo rápido y con total transparencia. Recomiendo Bank Corp a quienes buscan asesoría bancaria eficiente y humana.",2025-07-20,46,2,341
"Mi experiencia accediendo a la caja de seguridad en Bank Corp fue, en general, positiva. El personal en la sucursal fue amable y me ayudó con los trámites; las instalaciones son seguras y limpias. Sin embargo, el horario limitado y la espera de 15 minutos fueron algo incómodos. El proceso es claro y la comunicación buena. Recomendaría Bank Corp para este servicio, aunque mejorarían si ampliaran horarios y agilizaran la entrada.",2025-06-28,15,6,162
"Visite récente à une agence de Bank Corp : l'accueil était chaleureux, la guichetière très professionnelle et efficace. Elle a expliqué clairement les produits et répondu à toutes mes questions avec patience. Les délais ont été respectés et les formalités simples. Seul bémol : la file d'attente un peu longue. Globalement, une expérience positive qui donne confiance.",2025-06-17,5,2,360
"Visitei a agência do Bank Corp ontem. O tempo de espera dentro da agência foi um pouco longo, cerca de 20 minutos, mas a equipe foi atenciosa e eficiente. Ambiente limpo, cadeiras confortáveis e sistema de senhas funciona bem. Se reduzirem a espera, seria excelente. No geral, saí satisfeito com o atendimento.",2025-08-09,3,2,25
"Meine Erfahrung beim Zugriff auf ein Bankschließfach bei Bank Corp war überwiegend positiv. Die Mitarbeiter waren freundlich und erklärten den Ablauf geduldig. Die Zugangsräume sind sauber und gut gesichert, sodass ich mich wohl fühlte. Einziger Minuspunkt war die etwas lange Wartezeit am Schalter und die komplizierte Formularausfüllung. Insgesamt empfehlenswert für sicheres Aufbewahren.",2025-06-16,8,2,445
"Visitei a agência do Bank Corp e fui atendido pelo caixa. O serviço foi eficiente e profissional: explicou os procedimentos e resolveu minha solicitação sem demora. Não houve falhas, embora o atendimento tenha sido um pouco impessoal. No geral, experiência adequada para tarefas rotineiras; recomendaria para quem busca agilidade e seriedade.",2025-07-06,6,3,36
"I had an excellent experience accessing my security deposit box at Bank Corp. The staff were courteous and professional, the vault area was spotless and secure, and the appointment process was quick and easy. They explained procedures clearly and made me feel completely comfortable. Efficient, trustworthy service — I highly recommend Bank Corp for safe, convenient deposit box access.",2025-06-20,5,5,55
"Ich war gestern bei Bank Corp im Drive-thru und war enttäuscht von der langen Wartezeit. Nur eine Spur geöffnet, zwei Mitarbeiter überfordert — insgesamt fast 20 Minuten bis meine Einzahlung erledigt war. Die Angestellten waren zwar freundlich, aber offensichtlich schlecht organisiert. Für eine Filiale dieser Größe erwarte ich schnelleres Handling oder zumindest bessere Personalplanung. Keine gute Erfahrung.",2025-09-09,21,2,29
"Utterly unacceptable experience at Bank Corp. I waited inside the branch for over an hour with no updates, no queue management, and staff who acted like my time didn’t matter. Told “just a minute” repeatedly, then ignored. I’ll be taking my business elsewhere — do better.",2025-07-15,39,5,179
"I visited my local Bank Corp branch today. I waited about 20 minutes inside before being helped, which felt a bit longer than I expected for a weekday morning. Staff were professional and resolved my transaction efficiently once called. Overall it was acceptable, though shorter wait times would be appreciated.",2025-09-10,24,3,514
"Expérience exécrable au drive-thru de Bank Corp. J'ai attendu 30 minutes sans excuse ni explication, les employés semblaient dépassés et aucune file n'était gérée. Retourner? Jamais. Perte de temps totale et service clientèle inexistant. À fuir si vous êtes pressé.",2025-09-10,32,5,415
"I love Bank Corp's drive-thru—I've never waited long. Each visit is quick and efficient; staff are friendly and professional, handling deposits and quick questions without delays. It saves me time compared with in-branch visits, and the teller communication through the speaker is clear. Highly recommend for anyone who values convenience and fast service!",2025-07-03,43,1,138
"Visité la sucursal de Bank Corp y mi experiencia con la cajera fue decepcionante. Llegué con una consulta sencilla y la atención fue lenta, poco profesional y con falta de amabilidad. No me explicó los cargos ni verificó bien la operación, lo que me dejó inseguro. Esperaba más en atención al cliente por parte de un banco grande. No volvería a esa sucursal hasta que mejoren el servicio.",2025-09-11,44,2,655
"Absolutely unacceptable experience at the Bank Corp branch. I waited over an hour inside the branch with no updates, only one teller open and staff who acted like my time didn’t matter. I missed an important appointment and left furious — their wait times are abysmal and I will never return.",2025-08-08,41,2,566
"Terrible experience at Bank Corp branch. The teller was rude, impatient, and clearly inexperienced—gave wrong information, handled my deposit carelessly, and dismissively refused to help when I asked questions. No apology or escalation offered. I left frustrated and will move my accounts. Not acceptable for a bank; avoid this branch.",2025-09-10,6,4,611
"La sucursal de Bank Corp está en buen estado general. El local es limpio y bien iluminado, con mobiliario en buen estado. La señalización es clara, aunque el área de espera podría tener más asientos. La accesibilidad para personas con movilidad reducida está presente, pero el estacionamiento es limitado. Atención adecuada en horario habitual.",2025-07-18,22,4,242
"Ich war kürzlich in einer Filiale von Bank Corp. Die Wartezeit war in Ordnung, aber die Schalterangestellte wirkte unfreundlich und wenig professionell. Sie gab widersprüchliche Auskünfte und beantwortete Nachfragen schnippisch, sodass mein Anliegen unnötig kompliziert wurde. Für eine Bank erwarte ich klarere Informationen und mehr Kundenorientierung. Insgesamt enttäuschend — ich werde künftig gut überlegen, ob ich wieder eine Filiale von Bank Corp aufsuchen möchte.",2025-09-02,37,6,379
"Die Filiale von Bank Corp beeindruckt durch ihren hervorragenden Zustand. Sauber, modern und gut gepflegt – von der Empfangszone bis zu den Sitzbereichen. Klare Beschilderung, barrierefreie Zugänge und gepflegte Sanitäranlagen sorgen für großen Komfort. Die freundliche Atmosphäre und regelmäßige Instandhaltung vermitteln Vertrauen. Sehr empfehlenswert!",2025-07-20,47,6,7
"Ich war sehr beeindruckt von der kurzen Wartezeit in der Bank Corp-Filiale. Keine lange Schlange, schnelle Anmeldung und zügige Bearbeitung meines Anliegens – alles professionell und freundlich. Die Wartezone ist komfortabel, und ich wurde innerhalb weniger Minuten bedient. So macht Filialbanking Spaß!",2025-09-12,48,4,433
"Tuve una experiencia excelente en la sucursal de Bank Corp. La espera dentro de la sucursal fue muy corta y gestionaron mi trámite con rapidez y precisión. El personal fue atento y profesional, el ambiente cómodo. Salí muy satisfecho; sin duda recomendaré esta sucursal por su eficiencia y buen servicio al cliente.",2025-08-17,24,1,626
"La espera en el drive-thru de Bank Corp fue algo más larga de lo esperado; aguardé unos minutos, pero el personal fue amable y eficiente, lo que compensó la demora. Las instrucciones en pantalla y la atención al cliente fueron claras. Sería ideal mejorar la velocidad en horas pico, pero en general tuve una experiencia satisfactoria. Recomendable si no tienes prisa.",2025-09-03,5,5,444
"J'ai eu une bonne expérience au guichet de Bank Corp. Le/la guichetier(ère) était professionnel(le), efficace et courtois(e), expliquant clairement les options et prenant le temps de répondre à mes questions. L'attente était raisonnable et les démarches se sont déroulées sans accroc. Quelques améliorations possibles au niveau des délais aux heures de pointe, mais globalement un service fiable et agréable. Je reviendrai.",2025-06-23,38,1,249
"Minha experiência na agência do Bank Corp foi péssima. O assessor mostrou total falta de profissionalismo: foi rude, desinformado e pouco solícito. Atendimento demorado, explicações confusas e nenhuma solução prática para meu problema. Saí frustrado e sem confiança na equipe. Não recomendo.",2025-06-18,30,4,68
"Experiência terrível no drive-thru do Bank Corp. Atendimento lento, filas mal organizadas e esperei tempo inaceitável para uma simples transação. Funcionários parecem despreparados e ninguém oferece explicações ou desculpas. Perdi minutos preciosos do meu dia — não volto e não recomendo o drive-thru desta agência.",2025-07-08,47,2,116
"Mein Besuch bei Bank Corp war enttäuschend. Das Schalterpersonal war unprofessionell, unfreundlich und zeigte keinerlei Hilfsbereitschaft. Fragen wurden abgewimmelt, Fehler nicht korrigiert und ich fühlte mich respektlos behandelt. So verliere ich Vertrauen in diese Filiale und werde zukünftig woanders hingehen.",2025-07-03,27,3,458
"I stopped by a Bank Corp branch today. The teller was professional, courteous, and handled my transaction efficiently while clearly explaining account details. There was a short wait, but the friendly and knowledgeable service made it worthwhile. Overall a positive experience; I left feeling confident the staff know what they’re doing.",2025-08-31,4,5,381
"Péssima experiência na agência do Bank Corp. Esperei mais de 45 minutos sem ser chamado, funcionários desatentos e nenhuma informação sobre a demora. Filas mal organizadas, atendimento lento e falta de pessoal. Perdi tempo e saí extremamente frustrado — serviço inaceitável. Não volto nem indico.",2025-08-22,15,3,283
"Fantastic experience at Bank Corp's drive-thru! The wait time was minimal—staff were ready and efficient when I pulled up. Friendly teller handled my transaction quickly and accurately, saving me time. Convenient, fast service and a smiling team. Highly recommend for anyone who values speed and great customer service.",2025-08-02,9,3,174
"Très satisfait de mon expérience chez Bank Corp. Le conseiller a fait preuve d'un grand professionnalisme, d'écoute et d'expertise. Il a expliqué clairement les options, répondu à toutes mes questions et proposé des solutions adaptées. Service rapide, disponible et chaleureux en agence. Grâce à lui, je me sens en confiance pour mes projets financiers. Je recommande vivement ce conseiller et cette agence.",2025-07-24,9,5,100
"Las instalaciones de Bank Corp son generalmente adecuadas: la sucursal está limpia, bien iluminada y con asientos suficientes. El área de espera y los mostradores se ven ordenados, y los cajeros automáticos funcionan correctamente. Mejorar la señalización interna y el mantenimiento del aire acondicionado ayudaría. El personal mantiene el espacio cuidado, lo cual se agradece. En general, una sucursal cómoda aunque con pequeños detalles por pulir.",2025-07-21,36,2,353
"La cajera en la sucursal fue profesional y eficiente; explicó claramente los productos y resolvió mis dudas con paciencia. La atención fue rápida y cordial, aunque el sistema tardó un poco. En general quedé satisfecho con la experiencia y volvería por su buen trato.",2025-06-22,25,4,469
"La sucursal de Bank Corp está bien conservada: instalaciones limpias, buena iluminación y asientos cómodos en la sala de espera. Los cajeros automáticos funcionan correctamente y la accesibilidad para personas con movilidad reducida es adecuada. Solo faltaría señalización más visible y menor tiempo de espera en horas pico. En general, experiencia satisfactoria.",2025-07-25,49,1,686
"Tuve una experiencia mayormente positiva en la sucursal de Bank Corp. El asesor mostró profesionalismo y conocimientos claros; me explicó las opciones de cuenta y la gestión del crédito con paciencia. La atención fue cordial y eficiente, aunque hubo un breve tiempo de espera. Valoro la disposición para resolver dudas y recomendaría esta oficina por su trato profesional, con pequeños ajustes en tiempos de atención podrían ser excelentes.",2025-08-30,48,2,575
"Minha experiência no drive-thru do Bank Corp foi razoável. A espera foi um pouco longa, mas a equipe foi muito atenciosa e eficiente assim que cheguei ao guichê. O atendimento resolveu minha pendência rapidamente e com simpatia. Gostaria que reduzissem o tempo de espera, mas saí satisfeito com o serviço prestado.",2025-07-09,10,1,468
"Expérience excellente au guichet drive. J’ai gagné du temps: attente très courte, service rapide et professionnel. Le personnel était souriant et efficace, toutes mes transactions traitées sans stress. Idéal pour les journées chargées. Je recommande vivement les succursales Bank Corp pour leur drive-thru performant et convivial.",2025-07-11,36,1,175
La espera dentro de la sucursal de Bank Corp fue larga y frustrante. Llegué con cita y aún así esperé 30-40 minutos; el personal parecía desbordado y no hubo información clara sobre los tiempos. Necesitan mejorar la organización y la comunicación. Volveré solo si solucionan estas demoras.,2025-08-20,1,1,655
"Der Drive‑Thru von Bank Corp ist insgesamt praktisch. Die Mitarbeiter waren freundlich und professionell, die Abwicklung meiner Einzahlung ging glatt. An Stoßzeiten musste ich zwar etwas länger warten (ca. 8–10 Minuten), aber es war nicht störend. Sauberer Bereich und klare Beschilderung. Für schnelle Bankgeschäfte mit dem Auto eine gute Option, hoffe nur auf kürzere Wartezeiten an vollen Tagen.",2025-09-10,1,4,469
"Les agences Bank Corp présentent des conditions générales acceptables. Les espaces d'accueil sont propres et bien éclairés, avec du mobilier fonctionnel. L'accessibilité pour les personnes à mobilité réduite est partiellement assurée (rampe disponible dans certaines agences). Les sanitaires sont entretenus de manière variable selon les sites. La signalisation interne et le nombre de sièges en période d'affluence pourraient être améliorés. En résumé, l'infrastructure remplit son rôle, mais quelques ajustements seraient souhaitables.",2025-07-24,15,4,223
Experiencia terrible en la sucursal de Bank Corp. Esperé 45 minutos sin que nadie me atendiera; el personal parecía desorganizado y sin sentido de urgencia. No había información ni disculpas. Perder así el tiempo es inaceptable. No volveré y no recomiendo esta sucursal hasta que mejoren la atención y reduzcan los tiempos de espera.,2025-08-20,26,3,530
"Pésima experiencia con el asesor de Bank Corp. Fue descortés, indiferente y completamente desinformado sobre productos básicos. Perdí tiempo esperando y recibí respuestas contradictorias. No recomiendo acudir a sucursales: falta profesionalismo y atención mínima. Buscaré otro banco inmediatamente.",2025-06-23,48,3,514
"Ich war insgesamt zufrieden mit meinem Besuch bei Bank Corp. Die Schaltermitarbeiterin war freundlich, professionell und kannte sich gut aus – meine Anliegen wurden zügig und kompetent erledigt. Einziger Kritikpunkt: Die Wartezeit war etwas länger als erwartet. Trotzdem hinterließ der Service einen positiven Eindruck; ich komme gern wieder und würde Bank Corp für die persönliche Betreuung empfehlen.",2025-07-16,37,1,422
"Katastrophaler Service in der Bank Corp-Filiale. Zugang zu meinem Schließfach wurde wiederholt verweigert wegen angeblicher ""interner Prüfung"", Mitarbeiter unfreundlich und inkompetent, Vormerkungen verloren, Schlüssel verschwunden. Öffnungszeiten so restriktiv, dass Zugriff praktisch unmöglich ist. Hohe Gebühren, keinerlei transparente Kommunikation oder Entschädigung. Fühle mich unsicher, weil Bank Corp weder zuverlässig noch kundenorientiert agiert. Nie wieder.",2025-08-13,4,5,293
"Tuve una experiencia decepcionante al intentar acceder a la caja de seguridad en una sucursal de Bank Corp. La cita se retrasó, el personal parecía desinformado y nos hicieron traer documentos adicionales a último momento. Las horas de acceso son muy limitadas y las tarifas no estaban bien explicadas. Me preocupa la falta de comunicación y la ineficiencia; espero que mejoren el proceso y la atención al cliente.",2025-08-13,41,3,556
"Visitei uma agência do Bank Corp recentemente e fiquei desapontado com a experiência no atendimento. O caixa parecia apressado e pouco atencioso, não explicou claramente tarifas nem documentos necessários. Tivemos que corrigir um erro no atendimento que atrasou minha transação. Esperava mais profissionalismo e clareza de um banco deste porte. Pode melhorar muito com treinamento básico e mais cortesia.",2025-09-11,37,1,283
"Expérience excellente chez Bank Corp pour accéder à mon coffre-fort. Le personnel était accueillant et professionnel, la procédure d'accès rapide et sécurisée, et les installations impeccables. J'apprécie les mesures de sécurité et la confidentialité, ainsi que les horaires flexibles qui facilitent mes visites. Je recommande vivement Bank Corp pour la location et l'accès aux coffres de sécurité.",2025-07-20,50,1,421
"Meine Erfahrung mit Bank Corp war katastrophal. Der Berater war unvorbereitet, unprofessionell und unhöflich, hat Fragen ausweichend beantwortet und wichtige Informationen verschwiegen. Termine wurden kurzfristig abgesagt, Zusagen nicht eingehalten. Ich fühle mich schlecht beraten und betrogen. Nie wieder Bank Corp — ich kann diese Filiale und den Berater niemandem empfehlen.",2025-06-13,9,4,636
"Visite décevante à la succursale Bank Corp. J'ai attendu longtemps sans explication ni mise à jour, malgré un rendez‑vous. Le personnel était poli mais visiblement débordé, ce qui a rendu l'attente frustrante. Le service une fois obtenu était correct, mais le temps d'attente en agence est inacceptable pour des démarches urgentes.",2025-07-31,18,2,385
"Excelente experiencia en el drive-thru de Bank Corp. El tiempo de espera es mínimo, siempre me atienden en cuestión de minutos y con una sonrisa. El personal es eficiente y amable, hacen que las gestiones rápidas sean aún más fáciles. Muy satisfecho, lo recomiendo sin dudar.",2025-07-02,36,3,218
"Tuve una experiencia decepcionante en una sucursal de Bank Corp. El asesor parecía poco atento y poco informado; las respuestas fueron vagas y tardaron en resolver mi trámite. Además hubo espera prolongada sin explicación y falta de seguimiento posterior. Esperaba más profesionalismo de un banco con su reputación. Les doy una oportunidad para mejorar, pero por ahora no recomendaría esta sucursal para gestiones complejas.",2025-08-12,37,6,133
"Mi experiencia en Bank Corp fue absolutamente decepcionante. El banquero mostró falta de profesionalismo, respuestas vagas, negligencia con mi cuenta y desprecio por mis preguntas. Esperaba asesoría clara y eficiente, pero recibí excusas y demora. Servicio al cliente inexistente; me fui frustrado y sin solución. No recomiendo esta sucursal.",2025-06-21,29,5,64
"Expérience catastrophique pour accéder à mon coffre de sécurité chez Bank Corp. Rendez-vous annulé sans prévenir, personnel impoli et incapable, procédures kafkaïennes et attente d’une heure pour une clé soi-disant introuvable. Frais cachés, sécurité douteuse et aucune solution offerte par la direction. Stressant, inefficace et totalement inacceptable — je déconseille vivement.",2025-09-09,13,3,371
"Visité una sucursal de Bank Corp y la experiencia con la cajera fue en general buena. Fue profesional, puntual y manejó mi trámite con rapidez y claridad. Aprecié su amabilidad y precisión, aunque la espera fue un poco larga. En general, recomendable por la atención competente del personal.",2025-08-26,5,6,89
"Visitei a agência do Bank Corp e usei o drive-thru. O tempo de espera foi um pouco maior do que eu esperava, mas o atendimento foi rápido e eficiente quando cheguei ao caixa. Os funcionários foram simpáticos e prestativos. No geral, experiência positiva — poderiam reduzir um pouco a fila em horários de pico.",2025-08-11,31,6,265
"Tuve una mala experiencia al intentar acceder a mi caja de seguridad en Bank Corp. La cita se retrasó, el personal estuvo desorganizado y la sala de cajas tenía señalización confusa. Me pidieron papeles adicionales que no me habían informado antes y me hicieron esperar más de una hora. La gestión fue poco profesional y las tarifas no estaban claras. Espero mejoras en la comunicación y en la eficiencia; actualmente no recomendaría este servicio a nadie que busque rapidez y transparencia.",2025-09-11,17,4,330
"Outstanding experience at Bank Corp today. The teller was professional, friendly, and extremely efficient. They handled my transaction quickly, explained account options clearly, and resolved a small issue without any hassle. I felt listened to and well cared for. Their attention to detail and courteous manner made a routine visit pleasant. Highly recommend this branch and its excellent staff.",2025-09-01,15,5,544
"I visited my local Bank Corp branch and waited about twenty minutes to be helped. The lobby was clean and staff apologized for the delay, and when my turn came the teller handled my transaction quickly and politely. I expected a shorter wait, but the efficient service and friendly team made up for it. Overall a decent experience — could improve queue management, but I’ll return.",2025-06-22,13,2,466
"Expérience catastrophique chez Bank Corp. Attente interminable à l'intérieur de l'agence, personne pour gérer la file, employés lents et indifférents. Aucune excuse ni information donnée; j'ai perdu plus d'une heure pour un simple dépôt. Gestion du temps et du service client totalement inacceptables. Je ne reviendrai pas et déconseille fortement cette agence.",2025-07-29,39,1,32
"Acceder a mi caja de seguridad en una sucursal de Bank Corp fue una experiencia neutra. Solicité cita, presenté identificación y completaron los trámites habituales. La sala era segura y limpia; el personal cumplidor explicó el procedimiento sin detalles adicionales. El tiempo de espera fue corto pero el horario de atención algo limitado. En general, servicio correcto y sin sorpresas.",2025-08-20,11,6,89
"Die Filiale von Bank Corp macht keinen guten Eindruck: abgewohnte Sitzplätze, schmutzige Böden und schlecht gewartete Toiletten. Die Beleuchtung ist düster, einige Automaten funktionieren nicht und die Beschilderung ist verwirrend. Wegen des engen Wartebereichs entsteht oft Gedränge. Technisch wirkt die Einrichtung veraltet und ungepflegt. Insgesamt fühlt sich der Besuch nicht professionell an und sollte dringend modernisiert und sauberer gehalten werden.",2025-07-05,41,1,671
"Expérience catastrophique avec une employée de guichet chez Bank Corp. Impolie, impatiente, aucune explication claire, traitement bâclé de ma transaction et attitude méprisante. J'ai dû attendre sans raison, elle a refusé d'aider et n'a montré aucun professionnalisme ni empathie. Très déçu — je n'y retournerai pas et ne recommande pas cette agence.",2025-06-25,35,5,225
"Die Wartezeit in der Bank Corp-Filiale war etwas länger als erwartet, aber noch akzeptabel. Das Personal war freundlich und kompetent, und als ich dran war, wurde mein Anliegen schnell und effizient bearbeitet. Der Warteraum war sauber und es gab ausreichende Sitzplätze. Insgesamt ein positiver Eindruck, mit dem kleinen Wunsch nach kürzeren Wartezeiten.",2025-08-28,39,6,357
"Terrible experience at Bank Corp. The banker was rude, dismissive, and unprofessional, offering contradictory advice and no clear answers. Promised follow-ups never happened, and the whole visit felt chaotic and uncaring. I left more frustrated and distrustful than when I arrived. I will be taking my business elsewhere and cannot recommend this branch.",2025-06-20,24,2,162
"I've been impressed with the condition of the Bank Corp branch on Main Street. The lobby is spotless, seating comfortable, restrooms well-maintained, clear signage, ATMs functioning, parking easy, accessible for mobility needs, and staff keep the queues organized. The bright, modern atmosphere makes banking pleasant and efficient. Highly recommend this location for anyone who values a clean, safe, and well-kept facility.",2025-09-08,15,4,630
"Expérience d'accès au coffre-fort chez Bank Corp plutôt neutre. Le processus administratif était clair, il faut prendre rendez-vous et présenter une pièce d'identité. Le personnel était professionnel, sans plus. L'accès au coffre est sécurisé, mais l'attente pour une visite peut être un peu longue selon les horaires. Globalement satisfaisant, sans aspects remarquables.",2025-08-30,4,1,292
¡Pésimo servicio en el drive-thru de Bank Corp! Esperé más de 30 minutos sin explicaciones ni disculpas. El personal parecía desorganizado y despreocupado. Vergonzoso para un banco; perdieron mi tiempo y mi confianza. No volveré y no lo recomendaría a nadie.,2025-07-13,9,6,402
"Minha experiência ao acessar a caixa de segurança do Bank Corp foi excelente. Atendimento profissional e simpático desde o agendamento; o processo foi rápido, seguro e discreto. As instalações são limpas e bem organizadas, com protocolos de segurança claros que me deixaram extremamente tranquilo. Recomendo o Bank Corp para quem precisa de uma caixa confiável — serviço eficiente e confiança total.",2025-08-31,51,2,496
Excelente experiencia en la sucursal de Bank Corp. El tiempo de espera dentro de la sucursal fue muy corto y el personal atendió con eficiencia y amabilidad. Trámites rápidos y sin complicaciones. Salí muy satisfecho y volveré sin dudarlo. Recomendado para quien valore rapidez y buen servicio.,2025-07-23,25,3,572
"I visited Bank Corp for assistance with a savings account and spoke with an advisor. The banker was professional and punctual, explained options clearly, and answered my questions without pressure. Some paperwork took longer than expected, but the staff remained courteous. Overall, the experience was satisfactory and reliable for routine banking needs.",2025-06-24,25,5,32
"Visité la sucursal de Bank Corp y la experiencia fue pésima. El cajero mostró una falta total de profesionalismo: actitud indiferente, respuestas groseras y errores en la operación. Esperé mucho tiempo y nadie asumió responsabilidad; al final mi problema no se resolvió. Servicio inaceptable. No volveré ni recomendaré esta sucursal.",2025-08-28,48,5,496
"Usé el drive-thru de Bank Corp y la espera fue razonable, unos cinco a siete minutos. El personal fue amable y eficiente; resolvieron mi trámite sin complicaciones. En horas punta se podría mejorar abriendo otra ventanilla, pero en general la experiencia fue conveniente y volvería a utilizarlo.",2025-08-12,8,3,429
"J'ai visité une agence de Bank Corp pour une transaction. Le guichetier était professionnel, poli et connaissait bien les procédures ; il a expliqué clairement les étapes. Le service était correct, sans être exceptionnel, et l'attente a été modérée. Globalement une expérience neutre, satisfaisante mais perfectible.",2025-06-28,30,5,471
"Visitei uma agência do Bank Corp recentemente. A atendente foi profissional, atenciosa e resolveu minha solicitação com eficiência. Explicou os procedimentos claramente e respondeu dúvidas. A única ressalva foi a pequena espera devido à fila, mas o atendimento compensou. Saí satisfeito com a experiência e recomendo a equipe.",2025-07-10,48,4,381
"I visited Bank Corp to deposit a check and was pleased with the teller's professionalism. She was friendly, knowledgeable, and handled my transaction efficiently while explaining fees clearly. The branch was tidy, though there was a short wait during lunch hour. Overall, solid service — the teller made what could have been a routine errand feel smooth and respectful. I'll return for future banking needs.",2025-06-15,19,3,364
"Expérience catastrophique chez Bank Corp pour accéder à mon coffre‑fort. Personnel incompétent et impoli, procédures interminables, clés perdues et aucune solution proposée. J'ai attendu plus d'une heure sans information claire — service inefficace et anxiogène. À éviter absolument si vous tenez à la sécurité et au respect du client.",2025-07-03,26,3,299
"Visitei a agência do Bank Corp e fiquei impressionado com o profissionalismo do caixa. Atendimento rápido, eficiente e muito cordial; explicou cada passo com paciência e resolveu minha solicitação sem complicações. Saí satisfeito e confiante em continuar usando os serviços da agência. Recomendo fortemente.",2025-09-05,33,6,614
"Meine Erfahrung in der Bank Corp-Filiale war extrem enttäuschend. Die Berater wirkten unprofessionell, unvorbereitet und desinteressiert. Es gab lange Wartezeiten, widersprüchliche Auskünfte und keine klare Erklärung zu Gebühren oder Produkten. Auf Nachfragen erhielt ich ausweichende Antworten, Fehler in Unterlagen wurden nicht sofort korrigiert. Ich fühle mich nicht gut beraten und werde diese Filiale nicht mehr nutzen. Kundenorientierung scheint dort nicht vorhanden zu sein.",2025-08-12,36,3,184
"Die Filiale von Bank Corp macht einen gepflegten, funktionalen Eindruck. Eingangsbereich, Schalter und Wartebereiche sind sauber, Sitzgelegenheiten ausreichend. Beleuchtung und Klima funktionieren, jedoch könnten Wegweiser deutlicher sein. Sanitäranlagen sind ordentlich, leichte Abnutzung an Möbeln sichtbar. Bargeld- und Einzahlungsautomaten sind gut erreichbar. Insgesamt angemessene Wartung mit kleineren Verbesserungsmöglichkeiten bei Beschilderung und Modernisierung.",2025-07-28,44,4,543
"Katastrophale Erfahrung beim Zugang zum Schließfach bei Bank Corp. Nach stundenlangem Warten wurde mir der Zugang verweigert, angeblich wegen ""Systemproblemen"". Mitarbeiter unfreundlich, inkompetent und ohne jede Hilfsbereitschaft. Sicherheits- und Serviceversprechen haben bei mir komplett versagt. Ich kündige sofort und empfehle niemandem Bank Corp.",2025-08-11,3,6,605
"Tive uma experiência em uma agência do Banco Corp ao acessar minha caixa de segurança. O agendamento foi simples, a equipe profissional e as instalações aparentaram seguras. Houve uma pequena demora na espera, mas o atendimento compensou: explicaram bem os procedimentos e foram gentis. Saí tranquilo sabendo que meus documentos estavam bem protegidos. Recomendo para quem busca segurança e bom atendimento.",2025-07-25,7,1,283
"Visited my local Bank Corp branch recently; the lobby felt unkempt and dated. Worn carpeting, torn chairs, poor lighting and a persistent draft made the space uncomfortable. The restroom was not well maintained and the ATM vestibule smelled stale. Accessibility ramps are narrow and parking lot potholes are a hazard. For a major bank, the facility needs better cleaning, repairs and attention to customer comfort.",2025-06-21,38,5,623
"Die Wartezeit am Drive-thru bei Bank Corp war etwas länger als erwartet — ich musste etwa zehn Minuten warten. Das Personal war jedoch sehr freundlich und arbeitete effizient, sodass meine Anliegen schnell und kompetent erledigt wurden. Insgesamt bin ich zufrieden, würde mir aber bei Stoßzeiten gern kürzere Wartezeiten wünschen.",2025-08-30,44,4,378
"Mi experiencia con el/la asesor(a) en Bank Corp fue profesional y eficiente. Respondió a mis preguntas con claridad y explicó las opciones disponibles, aunque hubo espera en la sucursal. El trato fue respetuoso y las soluciones propuestas adecuadas para mi situación. En general, recomendable si busca atención formal y competente.",2025-07-24,51,2,26
"La espera dentro de la sucursal fue de unos 20 minutos. El tiempo me pareció razonable dadas las horas punta, aunque podría mejorar con un sistema de turnos más claro. El personal atendió de forma correcta cuando llegó mi turno.",2025-06-25,17,6,495
"Visité el drive-thru de Bank Corp y la atención fue cordial y profesional. El trámite se resolvió con claridad, pero el tiempo de espera en la fila fue algo más largo de lo esperado. Aun así, valoro la eficiencia del personal al atenderme y volvería, esperando que reduzcan un poco los tiempos en hora punta.",2025-07-04,14,6,513
"Minha experiência na agência Bank Corp foi péssima. O(a) funcionário(a) do caixa foi rude, impaciente e pouco profissional: demorou, deu informações contraditórias e mostrou desinteresse pelas minhas dúvidas. Senti-me desrespeitado(a) e desamparado(a). Atendimento ineficiente e sem empatia — nunca mais volto e não recomendo esta agência a ninguém.",2025-06-23,18,1,471
"Excellente expérience à l'agence Bank Corp : la guichetière était extrêmement professionnelle, compétente et attentive. Elle a traité ma demande rapidement, expliqué clairement chaque étape et répondu à toutes mes questions avec patience. Son accueil chaleureux et son efficacité ont rendu la visite agréable et sans stress. Je recommande vivement Bank Corp pour son personnel de qualité et le niveau de service en succursale.",2025-07-27,21,1,584
"I went to Bank Corp to access my security deposit box and left frustrated. The branch required an appointment I wasn't told about, security procedures took forever, and the staff seemed rushed and unhelpful. The vault room was cramped and outdated, and I was surprised by an extra administrative fee. For something that should be straightforward and secure, the experience felt inconvenient and inefficient. I’ll think twice about renewing the box unless service improves.",2025-08-13,29,3,41
"J'ai récemment accédé à mon coffre-fort chez Bank Corp dans une agence de proximité. Le processus de vérification d'identité était strict et le personnel professionnel, ce qui inspire confiance. L'accès nécessite un rendez-vous et les horaires de l'agence sont un peu contraignants. Les locaux et le coffre étaient propres et bien entretenus. Globalement, expérience satisfaisante mais pourrait être améliorée par des créneaux plus flexibles.",2025-07-24,26,4,280
"J'ai récemment utilisé le coffre-fort chez Bank Corp. L'accès est sécurisé et le personnel de la succursale a été accueillant et professionnel ; ils ont bien expliqué les procédures. Le seul bémol : les horaires d'ouverture restreints m'ont causé un léger délai. Globalement, expérience satisfaisante.",2025-07-05,24,3,609
"A agência do Bank Corp apresenta instalações funcionais e organizadas. Limpeza e sinalização são adequadas, com assentos suficientes e acessibilidade razoável para cadeirantes. A iluminação é boa, mas o ar-condicionado estava pouco eficiente no dia da visita e o banheiro necessitava manutenção. No geral, o espaço atende às necessidades básicas, embora haja oportunidades para pequenos ajustes.",2025-08-13,21,4,145
"J'ai été reçu à l'agence Bank Corp par un conseiller très compétent et professionnel. Il a pris le temps d'expliquer clairement les options de compte et de placement, et m'a conseillé une solution adaptée à ma situation. L'accueil était chaleureux et le suivi rapide. Seul bémol : attente de 15 minutes à l'ouverture, mais la qualité du service a compensé. Globalement satisfait, je recommande cette agence pour son expertise.",2025-08-26,45,4,407
"Ich habe kürzlich das Drive-Thru von Bank Corp genutzt. Die Wartezeit war etwas länger als erwartet (ca. 10–12 Minuten), aber das Personal war freundlich und professionell. Die Abwicklung ging dann zügig und mein Anliegen wurde gut erklärt. Insgesamt zufrieden – komme gerne wieder, hoffe auf kürzere Wartezeiten.",2025-08-30,28,5,110
"Ich nutzte kürzlich ein Schließfach bei Bank Corp. Der Zugang erfolgte per Termin; die Mitarbeiter waren sachlich und erklärten die Regeln. Identitätsprüfung und Schlüsselverwaltung liefen routiniert ab. Die Räumlichkeiten wirkten sauber und sicher, allerdings sind die Öffnungszeiten eingeschränkt. Die Gebühren wurden klar kommuniziert. Insgesamt ein ordentlicher, unaufgeregter Ablauf ohne Überraschungen.",2025-08-06,24,2,591
"Expérience catastrophique chez Bank Corp. Attente interminable à l'intérieur de la succursale (plus d'une heure debout), personnel débordé et aucune information ni excuse. Le guichet change constamment, on m'a fait revenir sans solution. Espace d'attente mal organisé et système de prise de rendez-vous inefficace. Je déconseille vivement cette agence — perdre son temps à ce point est inacceptable pour une banque.",2025-08-25,10,5,49
"Ich habe kürzlich ein Schließfach bei Bank Corp in einer Filiale genutzt. Terminvereinbarung und Identitätsprüfung waren standardisiert und zügig. Die Mitarbeiter waren sachlich und hilfsbereit, der Zugang zum Tresorraum sicher, aber etwas umständlich durch mehrere Kontrollen. Gebühren und Öffnungszeiten wurden klar kommuniziert. Insgesamt funktional, aber nicht besonders komfortabel.",2025-06-15,42,6,406
"Je suis extrêmement mécontent des conditions des locaux de Bank Corp. Salle d’attente sale, sièges cassés, climatisation en panne, toilettes insalubres et odeurs persistantes. Signalisation inexistante, accès pour personnes à mobilité réduite négligé. Impression d’insécurité et de manque d’entretien. Inacceptable pour une banque prétendant être professionnelle.",2025-08-06,16,5,504
"Mi experiencia con el asesor en la sucursal de Bank Corp fue profesional y discreta. El personal explicó claramente las opciones de cuenta y los costos asociados, respondió mis dudas sin presionarme y mostró conocimiento del producto. Algunas gestiones tardaron más de lo esperado, pero en general la atención fue competente y adecuada para trámites cotidianos.",2025-08-23,45,5,551
"Katastrophaler Service: Wartezeit in der Filiale untragbar. Über 45 Minuten ohne jede Information, Mitarbeiter wirkten überfordert, keine Warteschlange organisiert. Musste wieder weggehen, ohne mein Anliegen zu klären. Für ein Bankunternehmen vollkommen inakzeptabel. Ich werde künftig online bleiben oder zur Konkurrenz wechseln. Dringend mehr Personal und bessere Abläufe nötig.",2025-07-07,16,4,275
"El personal de la sucursal mostró profesionalismo y conocimientos. El asesor atendió mis consultas con claridad y fue puntual. La experiencia fue ordenada y eficiente, aunque algunas gestiones tomaron más tiempo del esperado. En general, cumplió las expectativas en atención y asesoría.",2025-07-27,17,4,107
"Meine Erfahrung in einer Bank Corp-Filiale war enttäuschend. Die Schalterkraft wirkte unvorbereitet und wenig professionell, beantwortete Fragen knapp und schien genervt, als ich nach Unterlagen fragte. Lange Wartezeiten ohne Erklärung und unklare Auskünfte zu Gebühren hinterließen einen schlechten Eindruck. Bitte mehr Mitarbeitertraining und Kundenorientierung.",2025-08-10,18,2,327
Excelente experiência na agência do Bank Corp! Cheguei e fui atendido em poucos minutos; o sistema de senhas e a equipe são muito eficientes. Enquanto esperava havia assentos confortáveis e atendimento cordial. Resolveram minha demanda rapidamente. Recomendo para quem valoriza agilidade e bom serviço.,2025-08-01,11,6,682
"Visited my local Bank Corp branch recently and was disappointed by the conditions. The lobby felt neglected — stained carpet, flickering lights, and uncomfortable seating. The ATM area looked poorly maintained and the restroom was untidy. Signage was confusing, which made navigating services harder. Staff were polite, but the physical upkeep needs attention to match the customer service.",2025-09-10,28,1,310
"I recently visited Bank Corp's local branch to discuss my savings and mortgage options. The advisor was knowledgeable and professional, answered my questions clearly, and provided the required documents promptly. The process was efficient, though wait time at the front desk could be shorter. Overall the banker demonstrated solid expertise and courteous service; I left with a better understanding of my options and next steps.",2025-06-21,50,4,585
La espera en el drive-thru de Bank Corp fue inaceptable. Llegué con prisa y tuve que esperar demasiado tiempo sin explicación ni disculpas. Solo había un cajero y la fila avanzaba a paso de tortuga; la atención fue lenta y descuidada. No volveré ni recomendaré esta sucursal hasta que mejoren personal y organización.,2025-07-30,24,1,349
"Bank Corp's drive-thru was impressively quick today — I was helped within two minutes and the teller was friendly and efficient. The lane was well-organized, clear signage, and staff handled transactions smoothly. Great for busy mornings; saved me time and hassle. Highly recommend their drive-thru service!",2025-07-05,10,3,590
"Fiquei bem frustrado com o tempo de espera no drive-thru da Bank Corp. Mesmo sem muito movimento, esperei mais de 20 minutos para ser atendido — parecia falta de organização e pessoal insuficiente. O atendente foi educado, mas o processo foi muito lento. Para quem precisa de agilidade, não recomendo até que ajustem o fluxo.",2025-06-13,24,1,455
"Péssima experiência no drive-thru do Bank Corp. Esperei mais de 20 minutos sem sequer um pedido de desculpas; atendimento lento e desorganizado. Funcionários parecem despreparados, janelas fechadas, ninguém atende. Não volto e não recomendo — perder meu tempo assim é inaceitável.",2025-07-21,31,2,207
"Ich war sehr zufrieden mit dem Service in der Bank Corp-Filiale. Mein Berater war äußerst kompetent, professionell und nahm sich viel Zeit, um meine Fragen verständlich zu beantworten. Die Beratung war individuell, transparent und effizient – ich fühlte mich gut aufgehoben und sicher. Prozesse liefen reibungslos und pünktlich. Sehr empfehlenswert!",2025-09-01,1,4,140
"Tuve una experiencia neutra con Bank Corp en la sucursal local. El banquero mostró profesionalismo y conocimiento al explicar productos y resolver dudas. La gestión fue clara y los trámites se completaron correctamente, aunque la espera fue algo larga. En general, recomendable si busca asesoría competente, pero mejorando los tiempos de atención.",2025-08-24,6,2,677
"Die Filiale von Bank Corp entspricht leider nicht meinen Erwartungen. Schmutzige Sitzbereiche, unklare Beschilderung und ein veralteter Geldautomat sorgen für Ärger. Die Sanitäranlagen waren nicht gepflegt, und die Luftqualität/Heizung schwankte stark. Für längere Wartezeiten gibt es kaum Sitzplätze und wenig Privatsphäre. Verbesserungen an Sauberkeit und Barrierefreiheit wären dringend nötig.",2025-06-25,21,5,579
"Als Kunde von Bank Corp habe ich kürzlich mein Bankschließfach genutzt. Der Zugang war insgesamt unkompliziert: freundliche, professionelle Mitarbeiter halfen beim Einlass und die Sicherheitskontrollen wirkten gründlich. Einziger kleiner Kritikpunkt waren die eingeschränkten Öffnungszeiten, die flexibler sein könnten. Insgesamt bin ich zufrieden und fühle mich mit meinen Wertsachen gut betreut.",2025-08-27,17,5,560
"Minha experiência na Bank Corp foi excepcional. O gerente foi extremamente profissional, atencioso e conhecedor dos produtos; explicou tudo com clareza e paciência, oferecendo soluções personalizadas que se encaixaram no meu orçamento. Atendimento ágil na agência, documentação organizada e transparência em todas as etapas. Recomendo a equipe para quem busca confiança e profissionalismo em serviços bancários.",2025-08-04,14,6,81
"I visited my local Bank Corp branch and was disappointed with the teller's professionalism. The teller seemed distracted and curt, answered questions vaguely, and made a mistake on my deposit that took extra time to correct. The line moved slowly and I felt my concerns weren't taken seriously. I've banked here for years but this visit left me frustrated — I expected better customer service at a retail location.",2025-08-23,23,1,448
"Experiência péssima na agência do Bank Corp. Esperei mais de 40 minutos em uma fila desorganizada, sem informações ou desculpas do pessoal. Atendimento lento e frio, parece que ninguém se importa com o tempo do cliente. Inaceitável — não voltarei nem recomendo.",2025-08-14,24,4,531
"Tuve una experiencia neutral al acceder a mi caja de seguridad en Bank Corp. El proceso requería cita previa y control de identidad estricto; el personal fue profesional pero algo burocrático. El acceso fue seguro y las instalaciones limpias, aunque la disponibilidad de horarios es limitada. Las tarifas están claras; en general, correcto pero podría ser más ágil.",2025-06-13,11,5,623
"Schreckliche Erfahrung mit der Schalterkraft bei Bank Corp. Der Teller war unfreundlich, desinteressiert und inkompetent — gab falsche Auskünfte, verweigerte Hilfe und wirkte genervt. Lange Wartezeit, keinerlei Entschuldigung oder Professionalität. Fühle mich missachtet und werde diese Filiale meiden. Sehr enttäuschend für ein Institut, dem ich mein Vertrauen schenkte.",2025-06-21,32,6,588
"Tive uma experiência acessando minha caixa de segurança na agência do Bank Corp. O atendimento foi cordial, o espaço limpo e as normas de segurança bem explicadas. Houve um pouco de espera e checagem de documentos, mas o processo foi eficiente e me senti confiante em deixar meus pertences. Recomendo para quem precisa de armazenamento seguro.",2025-08-02,6,3,145
"La sucursal de Bank Corp presenta condiciones aceptables. Las instalaciones están limpias y bien iluminadas, con señalización clara y acceso para personas con movilidad reducida. El área de espera es cómoda aunque podría requerir más asientos en horas pico. Los cajeros automáticos funcionan correctamente; los baños están en buen estado. En general, mantenimiento adecuado, con espacio para pequeñas mejoras.",2025-06-23,41,3,622
"Tive uma experiência excelente com o gerente na agência do Bank Corp. Demonstrou grande profissionalismo, conhecimento e atenção aos detalhes. Explicou todas as opções de forma clara, respondeu a todas as minhas dúvidas e agilizou o processo com simpatia. Senti-me valorizado e confiante nas recomendações. Recomendo vivamente o atendimento da agência — foi eficiente, cortês e verdadeiramente focado no cliente.",2025-07-30,11,2,359
"I visited my local Bank Corp branch for a routine deposit. The teller was professional, attentive, and processed my transaction efficiently. They answered my questions clearly and followed appropriate ID procedures. The interaction felt courteous and businesslike, with no issues. Service could be faster during peak times, but overall the teller's experience and professionalism met my expectations.",2025-07-27,25,3,429
"I had a great experience accessing my security deposit box at Bank Corp's downtown branch. The vault area was clean and secure, staff greeted me promptly, guided me through the process, and respected my privacy. Scheduling was easy and wait time minimal. I felt confident in the facility's security measures and professionalism. Convenient hours and clear instructions made everything seamless. Highly recommend Bank Corp for anyone needing safe, reliable deposit box services.",2025-09-12,32,4,160
"Visité la sucursal de Bank Corp y usé el servicio drive-thru. El tiempo de espera fue más largo de lo esperado, pero el personal atendió con cortesía y resolvió mi trámite sin problemas. Sería útil mejorar la organización en horas pico para reducir la espera, aunque en general el servicio funcionó correctamente.",2025-06-15,3,5,163
"I had an excellent experience with Bank Corp. My banker/advisor was professional, knowledgeable, and patient — explaining options clearly and tailoring solutions to my needs. Transactions were handled efficiently and follow-up was prompt. Friendly staff and a welcoming branch made the visit easy. I highly recommend this team for retail banking.",2025-09-11,44,4,643
"Tive uma experiência relativamente positiva ao acessar a caixa de segurança na agência do Bank Corp. As instalações são limpas e o nível de segurança passa confiança. A equipe foi atenciosa e explicou o procedimento, embora tenha havido uma pequena espera para liberação do acesso. No geral, recomendo o serviço — eficiente e seguro, com espaço para agilizar o atendimento.",2025-07-26,15,2,317
"J'ai récemment utilisé le service au volant de Bank Corp. L'attente a été plus longue que prévu (environ 12–15 minutes), mais le personnel est resté courtois et efficace une fois arrivé au guichet. Les locaux étaient propres et la transaction s'est bien déroulée. Dans l'ensemble, une expérience plutôt positive malgré le temps d'attente.",2025-09-11,50,1,4
"Mon expérience d'accès au coffre chez Bank Corp a été assez décevante. Prise de rendez-vous longue, horaires très restreints et personnel peu informatif. J'ai attendu 45 minutes malgré une réservation; on m'a ensuite demandé des pièces d'identité supplémentaires non mentionnées. Service correct sur place, mais communication et organisation à revoir.",2025-06-15,34,1,494
"Minha experiência na agência do Bank Corp foi decepcionante. O gerente parecia despreparado e pouco interessado, com respostas vagas e demora para resolver um problema simples. Atendimento frio e mais foco em empurrar produtos do que em entender minhas necessidades. Saí sem solução e com a sensação de ter sido tratado como mais um número. Precisam melhorar treinamento e postura dos assessores.",2025-07-17,26,2,268
"Tive uma experiência frustrante ao acessar minha caixa de segurança na Bank Corp. Agendei visita, mas na chegada houve demora no atendimento, funcionária confusa com a documentação e horário limitado dificultou reagendamento. A sala de acesso parecia pouco organizada e não explicaram procedimentos e custos adicionais. Segurança física ok, mas falta de clareza e eficiência deixou a experiência ruim. Espero que o banco melhore comunicação e treinamento para clientes terem acesso mais ágil e transparente.",2025-08-17,25,4,530
"Visitei a agência do Bank Corp ontem. A atendente foi eficiente e demonstrou grande profissionalismo: explicou cada etapa, respondeu dúvidas com paciência e resolveu meu problema em poucos minutos. O atendimento poderia ter sido um pouco mais caloroso, mas no geral fiquei satisfeito com a experiência e voltaria se necessário.",2025-08-18,44,4,272
"I had an excellent experience accessing my safety deposit box at Bank Corp’s downtown branch. The staff were professional, explained the process clearly, and escorted me to a clean, well‑lit vault. Access was quick and secure, with convenient hours and straightforward paperwork. I felt confident my valuables are protected. Highly recommend Bank Corp for reliable, friendly safe deposit services.",2025-07-15,23,4,124
"Mi experiencia accediendo a la caja de seguridad en Bank Corp fue correcta. Programé una cita, presenté identificación y seguí los procedimientos de seguridad. El personal fue atento y las instalaciones estaban limpias, aunque el proceso tomó más tiempo del esperado por verificaciones adicionales. Las horas de acceso son algo limitadas y las tarifas no están claramente detalladas en línea. En general cumplió con lo necesario, pero podría mejorarse la comunicación sobre costos y tiempos.",2025-07-30,20,4,88
"My recent visit to Bank Corp went smoothly. The advisor was professional, knowledgeable, and explained options clearly. Communication was direct and timely, though the appointment started a few minutes late and some paperwork took longer than expected. Overall the advisor answered my questions and followed up as promised. I would consider returning for future services based on this experience.",2025-08-15,29,6,232
"Expérience excellente au guichet drive de Bank Corp. J'ai été servi en moins de 3 minutes, personnel souriant et efficace, transaction rapide et sans erreur. Idéal pour les clients pressés — propre, bien organisé et pratique. Je recommande vivement ce service au volant à tous ceux qui cherchent rapidité et professionnalisme.",2025-06-15,5,6,385
"I visited my local Bank Corp branch and was impressed by the minimal wait time. The queue moved quickly, staff called customers promptly, and I was helped within minutes. Friendly, efficient team—perfect for busy days. Highly recommend this branch for fast, professional service.",2025-08-06,50,5,684
"Je suis globalement satisfait de mon expérience à l'agence Bank Corp. Le conseiller était professionnel, compétent et a pris le temps d'expliquer clairement les options pour mon compte et mon prêt. L'accueil était chaleureux et les démarches ont été bien guidées. J'aurais aimé cependant une réduction du temps d'attente en heure de pointe. Malgré cela, je me sens bien accompagné et je recommanderais cette agence à ceux qui cherchent des conseillers fiables et disponibles.",2025-07-06,51,5,346
"Visité una sucursal de Bank Corp para acceder a mi caja de seguridad. El proceso requirió cita y verificación de identidad; el acceso fue seguro y controlado. El empleado explicó las normas y el tiempo disponible, aunque hubo una espera breve por atención. Las instalaciones eran limpias y la privacidad adecuada. En general cumplió con lo esperado.",2025-07-17,38,2,521
"Fui à agência do Bank Corp para resolver um problema simples e acabei esperando mais de 40 minutos, mesmo com poucas pessoas na fila. Atendimento lento e funcionários visivelmente sobrecarregados. Saí frustrado sem concluir tudo o que precisava. Se dependem da conveniência, precisam melhorar a organização e reduzir o tempo de espera.",2025-08-30,46,4,528
"La espera dentro de la sucursal de Bank Corp fue excesiva; estuve 40 minutos de pie sin que me atendieran y el personal parecía desbordado. Pocas sillas y sin información sobre tiempos de atención. Servicio al cliente correcto una vez que te atienden, pero urge mejorar la organización y reducir los tiempos de espera.",2025-06-16,9,6,279
"Bin enttäuscht von Bank Corp. Trotz Termin musste ich 25 Minuten in der Filiale warten, ohne klare Info oder Entschuldigung. Die Mitarbeiter wirkten gestresst und konnten die langen Wartezeiten nicht erklären. Service war zwar höflich, aber die Organisation lässt zu wünschen übrig. Für einfache Anliegen zu viel Verzögerung — das schreckt mich ab, künftig wieder hierher zu kommen.",2025-08-08,43,1,423
"Minha experiência na agência Bank Corp foi bastante positiva. O(a) caixa foi cordial, ágil e demonstrou conhecimento ao esclarecer minhas dúvidas sobre transações. Esperei pouco tempo e o atendimento foi eficiente. Só gostaria de receber informações mais detalhadas sobre tarifas, mas no geral saí satisfeito com a profissionalidade e atenção recebidas. Recomendo.",2025-08-02,47,6,603
"Stopped by Bank Corp's drive-thru today. The line moved a bit slower than I hoped, so I waited a few extra minutes, but staff stayed friendly and efficient once I reached the window. The teller apologized for the delay and handled my deposit quickly. Overall a somewhat positive experience — worth the short wait for the helpful service.",2025-08-14,48,6,17
"Terrible experience accessing my security deposit box at Bank Corp. Appointment canceled last minute, staff indifferent and incompetent, branch couldn't find my box and demanded extra identification and fees I already provided. They essentially locked me out and offered no apology or solution. Completely unprofessional — I no longer trust Bank Corp with anything important.",2025-07-23,5,5,333
"Très déçu par Bank Corp. Attente interminable à l'intérieur de l'agence (plus d'une heure) sans information ni excuses. Personnel visiblement débordé et indifférent, aucune file organisée ni solution proposée. Temps perdu, frustration totale — service client lamentable. Je ne recommande pas cette agence tant que la gestion de l'attente n'est pas revue.",2025-06-21,33,6,135
"Tuve una experiencia frustrante al intentar acceder a mi caja de seguridad en Bank Corp. Tuve que pedir cita con mucha antelación, esperar más de 30 minutos y el horario de la sucursal es muy limitado. El personal fue cortés pero poco eficiente, y los requisitos (documentos y firma) no estuvieron claros. Además me cobraron una tarifa inesperada. Esperaba más disponibilidad y claridad por parte de un banco grande.",2025-07-21,35,2,123
"Visitei a agência da Bank Corp para tratar de uma conta e solicitar orientações sobre produtos. O gerente foi profissional e esclareceu minhas dúvidas com objetividade, apresentando opções e prazos. O atendimento foi pontual, mas faltou maior proatividade em sugerir alternativas personalizadas. No geral, experiência eficiente e adequada às minhas necessidades.",2025-07-11,20,3,376
"I recently visited Bank Corp to access my security deposit box. The staff were friendly and guided me through the checklist, and the vault area felt secure and well-maintained. The process was mostly efficient, though there was a short wait during peak hours. IDs and appointment scheduling were straightforward. Overall, a reassuring experience — I’ll continue using Bank Corp for my valuable items, with the only improvement being more flexible hours to reduce waits.",2025-09-08,39,2,122
"Minha experiência na Bank Corp foi excelente. O consultor foi extremamente profissional, atencioso e conhece muito bem os produtos. Explicou tudo com clareza, ofereceu soluções personalizadas e agilizou todo o processo. Senti-me seguro e valorizado como cliente. Atendimento de alto nível — recomendo a Bank Corp para quem busca confiança e eficiência.",2025-09-02,37,5,505
"Bin enttäuscht von meiner letzten Erfahrung in der Bank Corp-Filiale. Trotz Öffnungszeiten wartete ich 25 Minuten, nur ein Mitarbeiter am Schalter. Kein Nummernsystem und keine Information zur Wartezeit, das wirkt unorganisiert. Mitarbeiter waren höflich, aber sichtbar überlastet. Für einfache Anliegen ist das zu lange — bitte mehr Personal oder ein besseres System.",2025-08-09,18,5,594
"Atendimento na agência do Bank Corp foi profissional e eficiente. O(a) caixa foi cortês, explicou claramente as opções e resolveu minha transferência com rapidez. A única ressalva foi uma pequena espera na fila, mas a postura tranquila e o conhecimento da atendente compensaram. Saí satisfeito com o serviço e voltaria quando precisar.",2025-08-18,14,5,299
"Ich nutze seit Kurzem ein Bankschließfach bei Bank Corp. Die Sicherheitsvorkehrungen sind solide, der Safe-Raum sauber und diskret. Die Mitarbeiter in der Filiale waren freundlich und haben den Zugang geduldig erklärt, nur die Terminvergabe war etwas umständlich. Beim Öffnen lief alles zuverlässig. Insgesamt fühle ich mich mit meinen Wertsachen gut betreut und würde das Schließfach weiterempfehlen.",2025-07-12,11,2,438
"Heute Drive‑Thru bei Bank Corp genutzt. Für eine einfache Einzahlung habe ich über 20 Minuten gewartet, obwohl nur wenige Autos vor mir waren. Die Mitarbeiter wirkten gestresst, und es gab keine Erklärung für die Verzögerung. Für eine große Bank ist das enttäuschend. Bitte verbessern Sie Organisation und Kommunikation — so vergeht einem die Lust, wiederzukommen.",2025-08-01,42,1,524
"Visite récente à une agence Bank Corp : l'expérience avec le guichetier a été décevante. Accueil froid, manque de professionnalisme et lenteur dans le traitement de ma demande. Les explications étaient confuses et il a fallu plusieurs relances pour obtenir des réponses claires. J'ai quitté l'agence frustré, sans vraiment confiance que tout était correctement fait. Espère une formation et plus d'attention au service client.",2025-06-16,1,1,211
"Die Filiale von Bank Corp ist funktional und sauber, mit ausreichender Beleuchtung und einem ordentlichen Empfangsbereich. Sitzgelegenheiten sind vorhanden, könnten aber komfortabler sein. Barrierefreiheit ist teilweise gewährleistet (Rampe am Eingang), die Beschilderung ist klar. Wartemöglichkeiten sind akzeptabel, Sanitäranlagen wirken leicht veraltet. Insgesamt ein zufriedenstellender Zustand.",2025-06-28,46,6,5
"Visité una sucursal de Bank Corp la semana pasada y la espera dentro de la oficina fue frustrante. Había pocos empleados atendiendo y tardaron más de 30 minutos para atenderme, sin información clara sobre el tiempo de espera. El servicio al final fue correcto, pero el manejo del flujo de clientes necesita mejorar. No volveré pronto si no arreglan esto.",2025-06-16,45,3,591
"Très mauvaise expérience avec Bank Corp. Le conseiller était impoli, incompétent et peu professionnel : informations contradictoires, promesses non tenues, frais cachés et délais non respectés. Aucun sens du service, aucune solution proposée, perte de temps et stress inutile. Je ne fais plus confiance et ne recommande pas cette agence.",2025-07-08,21,6,545
"Expérience catastrophique chez Bank Corp. Le conseiller était impoli, peu professionnel et visiblement incompétent: erreurs dans mes documents, délais non respectés et aucune explication claire. Promesses non tenues et aucun suivi après le rendez-vous. Personnel indifférent, attitude condescendante. Je déconseille vivement cette agence à quiconque cherche un service bancaire fiable et respectueux.",2025-06-27,34,6,184
"Katastrophaler Besuch bei Bank Corp. Im Filialbetrieb über 45 Minuten warten müssen, keiner kümmerte sich, keine Entschuldigung oder Info vom Personal. Schalter geöffnet, aber scheinbar unterbesetzt; Kunden frustriert. So geht Service nicht — ich werde hier nicht mehr hingehen und rate allen, Termine zu machen oder andere Banken zu prüfen.",2025-06-24,46,4,700
"Mon expérience d'accès au coffre de sécurité chez Bank Corp a été globalement positive. Le personnel en agence était courtois et rigoureux, les procédures claires et l'espace sécurisé rassurant. L'attente a été un peu longue un jour d'affluence, mais le service et les explications compensent. Tarifs raisonnables. Je recommanderais Bank Corp pour la location d'un coffre.",2025-07-31,42,2,349
"Ich habe kürzlich ein Bankschließfach bei Bank Corp genutzt. Terminvereinbarung und Identitätsprüfung waren unkompliziert, das Personal professionell. Der Zugang zum Tresorraum verlief geordnet, die Schließfächer wirkten sauber und sicher. Ein Punkt zur Verbesserung: die Öffnungszeiten sind begrenzt, was die Flexibilität einschränkt. Insgesamt eine solide, unaufgeregte Erfahrung.",2025-07-21,2,2,550
"Expérience professionnelle globalement satisfaisante avec Bank Corp. Le conseiller en agence s’est montré ponctuel et professionnel, a fourni des explications claires sur les produits et répondu à mes questions de manière factuelle. Le suivi administratif était correct, sans démarches inutiles. Rien d’exceptionnel mais le service a été fiable et conforme à mes attentes.",2025-08-07,37,4,624
"Mi experiencia en Bank Corp fue muy mala. El asesor mostró falta de profesionalismo: llegadas tarde, respuestas evasivas y ausencia de interés en resolver mis dudas. Sentí que mis necesidades fueron ignoradas y las recomendaciones, confusas y poco útiles. No volveré ni lo recomendaría; muy decepcionante.",2025-09-05,44,3,40
"Minha experiência na agência Bank Corp foi decepcionante. O assessor aparentou falta de preparo e foi pouco profissional, não explicou claramente as opções de conta e demorou para responder às minhas dúvidas. Saí sem confiança nas recomendações e com sensação de que o atendimento foi apressado e desatento. Esperava mais competência e cortesia de um banco desse porte.",2025-08-01,32,6,105
"Absolutely horrible experience accessing my security deposit box at Bank Corp. Appointment canceled without notice, staff were rude and unhelpful, required an obscure form they didn't tell me about. After long waits they claimed my key was ""lost"" and demanded expensive replacement and notarized paperwork before allowing access. Felt insecure and nickel-and-dimed. Will close my account and never recommend—completely incompetent and untrustworthy.",2025-06-22,28,3,96
"Visitei uma agência da Bank Corp e fui atendido por um(a) consultor(a) com postura profissional. Explicou as opções com clareza e respondeu às minhas dúvidas, embora o atendimento tenha demorado um pouco. No geral, demonstra conhecimento e competência, mas poderia melhorar a agilidade no atendimento presencial.",2025-07-04,1,6,406
"I visited Bank Corp’s downtown branch to access my safety deposit box. The vault area felt very secure, and the teller escorted me efficiently. Staff were professional and patient as I signed paperwork. Only downside was a 15-minute wait due to another appointment, but the clear instructions and attention made it worthwhile. Overall a positive experience — I’d recommend Bank Corp for secure, reliable access to safety deposit boxes.",2025-08-31,33,1,636
"Schreckliche Erfahrung bei Bank Corp. Die Schalterangestellte war unhöflich, desinteressiert und offensichtlich schlecht geschult. Nach langer Wartezeit wurden meine Unterlagen achtlos behandelt, Fragen ignoriert und fehlerhafte Angaben gemacht, die mein Konto gefährden könnten. Keine Entschuldigung, keine Hilfe — nur Arroganz. Absolut unprofessionell; ich werde hier nicht mehr hingehen und rate dringend, andere Filialen zu meiden.",2025-08-22,30,3,472
"Visité la sucursal de Bank Corp y quedé satisfecho con la experiencia. La cajera fue profesional, atenta y conocía bien los procesos; resolvió mi trámite rápidamente y me explicó las opciones con paciencia. El ambiente era ordenado y los tiempos de espera cortos. Pequeño detalle: me hubiera gustado más información sobre comisiones, pero en general el servicio fue muy bueno.",2025-08-11,18,1,116
"I visited the Bank Corp drive-thru during lunchtime and experienced a slightly longer wait than I hoped, but the staff were friendly and efficient. The line moved steadily and the teller handled my deposit quickly and professionally. Could use an extra window at peak times, but overall a convenient and pleasant experience.",2025-08-05,48,3,56
"Visitei a agência do Bank Corp e usei o drive-thru. O tempo de espera foi um pouco maior do que eu esperava, mas o atendimento dentro do carro foi cortês e eficiente. Serviço adequado para necessidades rápidas, embora possa melhorar a velocidade em horários de pico.",2025-08-31,42,3,31
"Visitei recentemente a agência da Bank Corp e fiquei desapontado com as condições das instalações. A sala de espera estava suja, cadeiras desgastadas e poucas, ar-condicionado parecia quebrado e o banheiro mal conservado. A sinalização é confusa e a iluminação fraca, o que torna a espera desconfortável. Espero que a empresa invista em manutenção e limpeza para melhorar a experiência dos clientes.",2025-07-09,20,4,656
"O atendimento do caixa foi profissional e competente. Recebi explicações claras sobre os serviços e as transações foram realizadas corretamente. O funcionário manteve postura educada e eficiente, embora o tempo de espera na fila tenha sido um pouco longo. Em geral, experiência satisfatória pelo nível de profissionalismo.",2025-07-15,14,4,20
"Lors d'une visite à une agence de Bank Corp, le temps d'attente à l'intérieur était assez long, bien que le service au guichet ait été professionnel et efficace une fois mon tour arrivé. Expérience globalement neutre : correcte, mais le délai d'attente pourrait être amélioré.",2025-08-17,35,6,307
"Excelente experiencia en Bank Corp: el tiempo de espera en el drive-thru fue mínimo, me atendieron rápidamente y con mucha cortesía. La transacción fue eficiente y el personal muy profesional. Perfecto para quienes vamos con prisa. Sin duda volveré y lo recomiendo.",2025-08-15,9,3,561
"Ich bin sehr zufrieden mit dem Drive-Thru von Bank Corp. Die Wartezeit war extrem kurz, ich wurde innerhalb weniger Minuten bedient. Das Personal war freundlich und effizient, die Abwicklung reibungslos. So macht Bankgeschäft Spaß — klare Empfehlung!",2025-07-24,8,6,258
"As instalações da Bank Corp são deploráveis. Agência suja, pisos engordurados, banheiro imundo e cadeiras quebradas; ar-condicionado não funciona e a iluminação é péssima. Caixas eletrônicos frequentemente fora de serviço e sinalização inexistente — é desconfortável e inseguro. Não recomendo.",2025-06-13,12,6,249
"Visité una sucursal de Bank Corp con servicio drive-thru. El tiempo de espera en el carril fue algo más largo de lo esperado, aunque el personal actuó con eficiencia al atenderme. Las instalaciones estaban limpias y la señalización clara. Volvería si reducen los tiempos en horas punta.",2025-08-21,6,6,209
"Ich hatte eine ausgezeichnete Erfahrung mit Bank Corp in der Filiale vor Ort. Mein Berater war äußerst professionell, kompetent und nahm sich Zeit, alle Fragen verständlich zu erklären. Die Beratung war lösungsorientiert, effizient und vertrauenswürdig. Ich fühle mich sehr gut betreut und empfehle Bank Corp jedem, der professionelle und freundliche Unterstützung sucht.",2025-07-05,26,6,563
"I visited my local Bank Corp branch to access my security deposit box. The staff verified my ID and key, escorted me to a private vault room and retrieved my box. The process took about 25 minutes, and fees and access hours were clearly explained. Staff were professional and efficient. Overall a straightforward, neutral experience but limited by weekday-only access hours.",2025-07-15,20,2,248
"Mi experiencia en Bank Corp fue excelente. El asesor fue profesional, atento y muy conocedor; explicó cada opción con claridad y paciencia, resolvió mis dudas y agilizó los trámites. Sentí confianza y seguridad en todo momento. La atención en la sucursal fue eficiente y personalizada. Recomiendo a Bank Corp por su alto nivel de servicio y la profesionalidad de sus asesores. Volveré sin dudarlo.",2025-07-24,18,5,103
"Ich war kürzlich in der Bank Corp-Filiale. Die Räumlichkeiten sind sauber, modern und gut beleuchtet, Geldautomat und Selbstbedienungsterminals funktionieren zuverlässig. Sitzmöglichkeiten und Beschilderung sind größtenteils in Ordnung, die Klimatisierung sorgt für angenehme Temperatur. Positiv fiel mir auch die barrierefreie Erreichbarkeit auf. Einziger Wermutstropfen: In Stoßzeiten sind die Sitzplätze knapp und die Öffnungszeiten könnten flexibler sein. Insgesamt ein solider Eindruck.",2025-07-17,15,1,340
"Ich hatte kürzlich einen Termin bei Bank Corp in einer Filiale. Der Berater war höflich, gut informiert und beantwortete meine Fragen klar. Die Erläuterungen zu Produkten waren nachvollziehbar, jedoch hätte ich mir konkretere Empfehlungen gewünscht. Organisation und Terminvergabe liefen reibungslos. Insgesamt eine solide, professionelle Erfahrung mit etwas Luft nach oben.",2025-09-04,18,3,435
"Ich war kürzlich am Drive-Thru von Bank Corp. Die Wartezeit war länger als erwartet, aber das Personal blieb professionell. Die Abwicklung verlief ohne Fehler, jedoch könnte die Geschwindigkeit verbessert werden, um Stoßzeiten besser zu bewältigen. Insgesamt durchschnittlich — nicht schlecht, aber Raum für Optimierung.",2025-06-25,19,1,514
"Boa experiência geral na agência da Bank Corp. Esperei cerca de 15 minutos para ser atendido, o que achei razoável para o horário de pico. Atendimento cortês e eficiente — resolveram meu pedido sem complicações. Poderiam melhorar a sinalização da fila, mas saí satisfeito com o serviço.",2025-08-20,16,5,449
"Visité una sucursal de Bank Corp y la espera en el drive-thru fue inaceptable. Había varias filas y tardaron más de 20 minutos para atender a dos coches delante de mí. El empleado parecía desorganizado y no había señalización ni personal adicional en horas pico. Entiendo que puedan ocurrir demoras, pero deberían mejorar la eficiencia o abrir otra ventanilla. No volvería con esta experiencia.",2025-08-15,38,2,45
Terrible experience at Bank Corp drive-thru. Waited over 25 minutes with no apology or explanation while staff ignored cars ahead. Completely unacceptable for basic transactions. Management clearly doesn’t care about customers’ time. I will not return and will switch banks — avoid this location if you’re in a hurry.,2025-07-14,38,2,600
Excelente experiencia en el drive-thru de Bank Corp. La espera fue mínima y el personal muy atento y profesional. Realicé mi trámite rápidamente sin contratiempos y recibí toda la ayuda que necesitaba. Aprecio la eficiencia y el servicio amable; definitivamente volveré y lo recomendaré a amigos.,2025-09-11,18,2,641
"Expérience excellente au guichet drive de Bank Corp. Temps d'attente minimal, j'ai été servi en moins de deux minutes. Personnel souriant et efficace, opérations rapides et sans erreur. Parfait pour gérer des opérations depuis la voiture; je recommande vivement Bank Corp pour la rapidité et le professionnalisme de son service au volant.",2025-08-15,29,3,493
"Visited Bank Corp drive-thru today. Waited about 25 minutes with only one car ahead; staff seemed overwhelmed and kept disappearing. No updates or apologies, and the transaction took longer than it should. Convenient location but poor staffing and slow service make it frustrating. Would reconsider coming here during peak hours unless they improve drive-thru speed.",2025-07-25,28,5,418
"Visited the Bank Corp branch recently and was disappointed by the condition of the facility. The waiting area felt tired with peeling paint, stained carpet and cramped seating. The ATM screen was scratched and the restroom could use a deep clean. Staff were polite, but the run-down appearance makes the branch feel neglected and less trustworthy.",2025-07-31,6,6,510
"Ausgezeichnete Erfahrung beim Zugang zu meinem Schließfach bei Bank Corp. Die Filiale ist sehr sicher, modern und gepflegt. Das Personal war freundlich, effizient und erklärte alle Sicherheitsprozeduren klar. Der Termin war pünktlich, die Zugangskontrollen professionell — ich fühle mich völlig beruhigt, dass meine Wertgegenstände gut aufgehoben sind. Klare Empfehlung für jeden, der einen zuverlässigen und zugänglichen Schließfachservice sucht.",2025-08-14,1,5,113
"J'ai utilisé le service au drive de Bank Corp. L'attente a été plus longue que prévu, ce qui a un peu retardé mon emploi du temps. Le personnel s'est montré professionnel et efficace une fois mon tour arrivé. Quelques améliorations dans la gestion des files (ouvrir un poste supplémentaire aux heures de pointe) rendraient l'expérience plus fluide.",2025-06-26,50,1,690
"Die Filiale von Bank Corp wirkt insgesamt ungepflegt und veraltet. Der Wartebereich ist unbequem, die Sitzgelegenheiten abgenutzt und die Sauberkeit lässt zu wünschen übrig. Der Geldautomat war bei meinem Besuch außer Betrieb und die Beschilderung im Inneren unübersichtlich. Barrierefreiheit könnte besser sein. Freundliches Personal, aber die räumlichen Bedingungen müssten dringend verbessert werden, damit der Besuch angenehmer und effizienter wird.",2025-08-27,33,6,526
"Minha experiência ao tentar acessar o cofre do banco foi horrível. Fui mal atendido, funcionários rudes e despreparados, fiquei horas esperando sem explicações. A burocracia é absurda: exigiram documentos extras que não constavam no contrato e cobraram taxas indevidas. O processo inseguro e desorganizado me deixou totalmente desconfiado da proteção dos meus bens. Não recomendo este banco para quem precisa de um serviço de cofre.",2025-07-06,35,6,376
"J'ai été déçu par le temps d'attente au guichet drive-in de Bank Corp. J'ai attendu plus de vingt minutes malgré peu de véhicules devant moi ; le personnel semblait débordé et peu organisé. Pour une banque réputée, c'est inacceptable. Ils devraient améliorer la gestion du service au volant ou ajouter du personnel aux heures de pointe.",2025-08-12,17,5,567
"Die Filialen von Bank Corp sind vorbildlich in Zustand und Sauberkeit. Helle, moderne Räume, bequeme Sitzbereiche und gut gewartete Automaten sorgen für ein entspanntes Kundenerlebnis. Barrierefreiheit, klare Beschilderung und hygienische Sanitäranlagen zeigen, dass hier auf Details geachtet wird. Sehr positiver Eindruck — empfehlenswert!",2025-08-24,50,4,156
"Meine Erfahrung mit der Schalterkraft bei Bank Corp war katastrophal. Die Mitarbeiterin wirkte unfreundlich, desinteressiert und offenbar schlecht geschult. Fragen wurden knapp und unklar beantwortet, auf Fehler wurde nicht eingegangen. Ich fühlte mich respektlos behandelt. So geht Kundenservice nicht — diese Filiale kann ich niemandem empfehlen.",2025-06-16,3,1,476
"Fiz a renovação do aluguel do cofre na agência do Bank Corp. O acesso foi seguro e o procedimento, embora burocrático, seguiu as normas: conferência de documentos e registro na entrada. Havia disponibilidade de horário, mas o tempo de espera para liberação do cofre foi maior do que eu esperava. Instalações limpas e sistema de segurança aparente. Atendimento profissional, porém sem muita explicação sobre tarifas. Experiência neutra; cumpriu o objetivo.",2025-08-06,37,3,254
"Ich besuchte kürzlich eine Filiale von Bank Corp. Die Wartezeit im Inneren betrug etwa 20 Minuten, was etwas länger war als erwartet. Die Mitarbeiter waren freundlich und kompetent, sodass die Beratung zufriedenstellend war. Insgesamt akzeptabel, jedoch könnte die Organisation beim Kundenverkehr verbessert werden, um Wartezeiten zu reduzieren.",2025-08-21,5,3,249
"Très satisfait de mon expérience d'accès au coffre-fort chez Bank Corp. Le personnel était accueillant et professionnel, les procédures claires et rapides, et les installations impeccables. J'ai apprécié la sécurité renforcée et la flexibilité des horaires. Tout s'est déroulé sans stress — je recommande vivement leurs services de coffre à toute personne cherchant tranquillité d'esprit et fiabilité.",2025-07-06,17,5,618
I visited Bank Corp’s drive-thru yesterday and waited nearly 25 minutes for a simple deposit. Only one teller seemed to be working and the line hardly moved. Staff were polite but slow and understaffed — not what I expect from a major bank. I’ll consider going inside or switching banks unless drive-thru service improves.,2025-08-01,3,3,492
"Tuve una excelente experiencia en la sucursal de Bank Corp. La cajera fue muy profesional, atenta y eficiente; explicó claramente las opciones y resolvió mi consulta con rapidez y amabilidad. Su conocimiento y trato cordial hicieron que el trámite fuera sencillo y sin estrés. Recomiendo esta sucursal por la calidad humana y la profesionalidad del personal.",2025-07-17,21,3,261
"Mi experiencia en Bank Corp fue pésima. La cajera fue grosera, impaciente y mostró total falta de profesionalismo. Me dejó esperando sin explicación, me dio información contradictoria y se negó a revisar el problema con calma. Sentí que no les importa el cliente; no ofrecieron disculpas ni soluciones. Por el mal trato y la incompetencia del personal, no volveré y no recomendaré esta sucursal.",2025-08-31,49,6,9
"Ich war begeistert von der kurzen Wartezeit in der Bank Corp-Filiale. Trotz Mittagszeit wurde ich sofort freundlich am Schalter bedient. Das Personal war effizient, kompetent und zuvorkommend – der ganze Ablauf ging schnell und reibungslos. Sehr empfehlenswert!",2025-09-06,4,2,43
"Las instalaciones de Bank Corp en mi sucursal local son excelentes. Espacios modernos, limpios y bien iluminados; la accesibilidad para personas con movilidad reducida es impecable. Las salas de espera cómodas, asientos suficientes y el área de atención privada garantizan confidencialidad. Señalización clara, baños limpios y Wi-Fi disponible hacen la visita ágil y agradable. Me siento seguro y bien atendido cada vez que vengo. Muy recomendable.",2025-07-06,38,4,505
"Mi experiencia accediendo a la caja de seguridad en Bank Corp fue frustrante. La cita se retrasó, nos hicieron esperar más de 45 minutos y el personal mostró poca disposición para explicar el proceso. Los requisitos y comprobaciones de seguridad son excesivos y las horas de acceso muy limitadas. Además, las tarifas no estaban claras. Espero mejoras en organización y atención al cliente.",2025-06-22,6,5,610
"I visited a Bank Corp branch today and was assisted by a teller who was professional, courteous, and efficient. She handled my deposit quickly, explained account options clearly, and answered my questions patiently. Wait time was reasonable and the service felt personalized. Overall a positive experience — would appreciate slightly faster service during peak hours, but very satisfied with the teller's professionalism.",2025-08-25,45,4,228
"Ich habe kürzlich die Filiale von Bank Corp besucht. Die Räumlichkeiten wirkten veraltet und schlecht gepflegt: abgenutzte Möbel, fleckiger Teppich und schwache Beleuchtung. Es gab zu wenig Sitzplätze, das WC war nicht sauber und die Beschilderung unübersichtlich. Für ältere Kunden ist der Zugang nur eingeschränkt komfortabel. Das Personal war freundlich, aber die schlechten Bedingungen hinterlassen trotzdem einen enttäuschenden Eindruck.",2025-09-07,2,3,197
"J'ai utilisé le service au volant de Bank Corp. L'attente au drive a été un peu plus longue que prévu, environ 10 minutes, mais le personnel était poli et efficace. Les transactions ont été traitées correctement et l'expérience reste pratique. Je reviendrai, en espérant des temps d'attente réduits.",2025-07-18,40,6,301
"Bei meinem Besuch in einer Filiale von Bank Corp musste ich über 30 Minuten in der Schlange warten, obwohl nur wenige Kunden vor mir waren. Es gab kaum Personal an den Schaltern und keine klare Information über die Wartezeit. Die Mitarbeiter wirkten freundlich, aber überfordert. Für einfache Anliegen zu umständlich – Verbesserung bei Organisation und Personalplanung wäre nötig.",2025-06-23,23,6,395
"Absolut enttäuschend: Bei Bank Corp wartete ich 45 Minuten in der Filiale, ohne dass sich jemand kümmerte. Keine Warteliste, kein Info-Bildschirm, Personal wirkte überfordert und unorganisiert. Für eine einfache Überweisung ewig Zeit verschwendet – völlig unprofessionell. Ich werde künftig woanders bankieren.",2025-07-06,31,1,578
"Die Bank Corp-Filiale in meiner Nähe befindet sich in einem ordentlichen Zustand. Räume sind sauber und gut beleuchtet; Beschilderung und Automaten funktionieren meist zuverlässig. Wartemöglichkeiten sind vorhanden, jedoch könnten Sitzgelegenheiten bequemer sein und die Parkplätze sind begrenzt. Die Barrierefreiheit ist nur teilweise gewährleistet (Rampe vorhanden, Türen teils eng). Sanitäranlagen sind gepflegt. Insgesamt akzeptabler Zustand mit Raum für kleinere Verbesserungen.",2025-07-05,5,1,380
"I visited the Bank Corp branch last week. The facility is clean, well-lit, and comfortably climate-controlled. The waiting area has modern seating and clear signage, though a couple more chairs would help during busy times. The ATM and drive-through were well maintained, and restrooms were tidy. Parking is a bit tight but manageable. Overall a pleasant, professional environment that makes routine banking convenient.",2025-09-09,50,5,569
"Meine Erfahrung mit Bank Corp war enttäuschend. Der Berater wirkte unvorbereitet, gab widersprüchliche Auskünfte und ging kaum auf meine Fragen ein. Termine wurden verschoben, Wartezeiten waren lang und professionelle Beratung suchte ich vergebens. Für grundlegende Anliegen fehlte Transparenz und Verlässlichkeit. Ich fühle mich nicht gut aufgehoben und würde Bank Corp derzeit nicht weiterempfehlen.",2025-09-04,18,5,353
"Visitei uma agência da Bank Corp e esperei cerca de 15 minutos dentro da agência. A espera foi um pouco longa, mas os funcionários foram atenciosos e rápidos quando chamaram meu atendimento. O processo foi eficiente e resolveram meu problema sem complicações. No geral, recomendo a agência — só gostaria que reduzissem um pouco o tempo de espera.",2025-07-11,16,3,686
"I visited Bank Corp's downtown branch yesterday. The teller greeted me promptly and handled my deposit efficiently, following proper identification and security procedures. They answered my basic questions clearly, though I felt the interaction was somewhat scripted and lacked warmth. Overall the service was professional and competent, and wait time was reasonable. Would return for routine transactions but might go elsewhere for more personalized assistance.",2025-07-18,38,6,568
"Excelente experiência ao acessar a caixa de segurança na agência do Bank Corp. Atendimento cordial, processo rápido e discreto, instalações limpas e muito seguras. Fiquei impressionado com a organização e a facilidade de agendamento — tudo funcionando conforme prometido. Recomendo a quem precisa de um lugar confiável para guardar documentos e objetos de valor. Muito satisfeito!",2025-07-07,7,6,364
"Visite à l'agence Bank Corp : l'attente était longue et la caissière semblait peu professionnelle — réponses évasives, manque d'explications sur les frais et erreurs mineures sur mon dépôt. J'ai dû redemander plusieurs fois des précisions et solliciter un responsable. Dommage, l'agence est pratique mais l'expérience client doit clairement s'améliorer.",2025-06-16,33,6,88
"Expérience catastrophique chez Bank Corp. Les conseillers sont incompétents, impersonnels et souvent discourtois. Informations contradictoires, erreurs sur mon dossier, délais interminables et frais jamais expliqués. Le service client ignore les plaintes et multiplie les promesses non tenues. Aucune confiance possible — je déconseille vivement cette banque à quiconque cherche sérieux et professionnalisme.",2025-09-04,37,4,92
"Visitei uma agência do Bank Corp para resolver questões da conta. O tempo de espera dentro da agência foi moderado — aguardei cerca de 20 minutos antes de ser atendido. Os funcionários foram educados e prestativos quando chegou a vez, mas a fila poderia ser gerenciada de forma mais eficiente. No geral, experiência neutra; cumpriu o necessário.",2025-08-06,24,2,210
"Minha experiência na agência de varejo da Bank Corp foi excelente. A caixa foi extremamente profissional, competente e atenciosa; resolveu minha solicitação com rapidez e clareza, explicando cada passo. Senti-me valorizado como cliente. Atendimento impecável — recomendo pela experiência e cortesia dos funcionários.",2025-08-06,13,4,63
"¡Excelente experiencia en Bank Corp! Fui a una sucursal y la espera fue mínima; me atendieron rápidamente y con mucha amabilidad. El personal fue eficiente, claro en las explicaciones y resolvieron todo en poco tiempo. Ambiente cómodo y profesional. Sin duda volveré y lo recomiendo por su rapidez en atención en sucursal.",2025-06-15,31,2,222
"Mi experiencia en la sucursal de Bank Corp fue en general positiva. Las instalaciones son modernas y el personal atento, pero noté que algunas áreas podrían mejorar: el aire acondicionado estaba un poco fuerte y las sillas de la sala de espera muestran desgaste. También sería útil más señalización y mejor limpieza cerca de los cajeros automáticos. Con pequeños ajustes, la sucursal podría ser excelente.",2025-07-28,48,6,353
"As instalações da agência Bank Corp são funcionais e geralmente limpas. O espaço interno é bem iluminado, mas o mobiliário aparenta desgaste e algumas cadeiras estão desconfortáveis. A sinalização é básica e poderia ser mais visível para orientar clientes, especialmente na fila. Acessibilidade é atendida, com rampa e porta automática, embora o espaço para cadeiras de rodas seja estreito. Banheiro disponível, porém nem sempre está bem abastecido. No geral, atende às necessidades, com margem para melhorias.",2025-07-29,26,3,92
"Visitei a agência da Bank Corp e saí desapontado com o atendimento do caixa. Parecia inexperiente, foi lento e confuso com procedimentos simples, além de demonstrar pouca atenção e cortesia. Precisei corrigir informações e esperar mais tempo do que o esperado. Espero que a gerência invista em treinamento; o local tem potencial, mas o serviço precisa melhorar.",2025-09-11,18,5,5
"Les conditions des agences Bank Corp sont excellentes : locaux impeccables, modernes et bien entretenus. L'espace d'attente est confortable, lumineux et accessible, avec une signalisation claire. Les équipements (wifi, bornes, sièges) fonctionnent parfaitement et la sécurité est rassurante. Une expérience très agréable à chaque visite.",2025-08-09,1,5,442
"J'ai récemment visité une agence Bank Corp. Le conseiller était professionnel et compétent, a pris le temps d'expliquer les options et répondre à mes questions. L'accueil était chaleureux et les démarches se sont déroulées rapidement. Seule petite réserve : l'attente en heures de pointe peut être longue. Dans l'ensemble, une bonne expérience ; je recommande cette agence pour son sérieux et la qualité du service.",2025-08-24,7,6,564
"Drove through Bank Corp's drive-thru and was disappointed by the long wait. Only one lane seemed open and the single teller was clearly overwhelmed. Staff were polite, but transactions took far too long for a routine visit. Bank Corp should improve staffing or streamline the drive-thru process.",2025-09-04,27,2,590
I visited a Bank Corp branch recently. The in-branch wait time was about 25 minutes during mid-morning — longer than I expected but the staff handled my transaction efficiently once seen. The branch was clean and organized; consider adding clearer signage or another teller during peak periods to reduce waits.,2025-08-28,23,1,329
"Péssima experiência com a funcionária do caixa. Atendimento rude, impaciente e claramente despreparada — errou informações sobre minha conta, demorou e não ofereceu solução. Quando questionei, foi condescendente e evasiva. Saí frustrado e sem resolver meu problema. Não recomendo esta agência enquanto não melhorarem o treinamento e a postura profissional dos caixas.",2025-09-01,7,4,411
"El tiempo de espera en el drive-thru de Bank Corp suele ser variable. En ocasiones atienden rápido, pero otras veces la fila avanza lentamente y hay que esperar más de lo esperado. El personal es cortés y eficiente cuando llega el turno; sería ideal mejorar la rapidez en horas punta.",2025-08-19,17,3,545
"Terrible experience at Bank Corp drive-thru. Waited 25 minutes with only a couple of cars ahead while staff seemed overwhelmed and unresponsive. No apology or explanation, and the lobby looked empty — totally unacceptable. I missed an appointment because of this. If they don’t fix staffing and communication, I’ll take my business elsewhere. Extremely disappointed.",2025-06-29,34,1,623
"Instalações deploráveis: agência suja, bancos quebrados, ar-condicionado estourado, filas desconfortáveis sem assentos, banheiros imundos e iluminação precária. Sinalização confusa, acesso para cadeirantes inexistente e mecanismos de segurança improvisados. Ambiente desconfortável e pouco profissional — me sinto inseguro deixando meus dados aqui. Não recomendo.",2025-08-16,37,6,397
"Ich war kürzlich am Drive‑Thru von Bank Corp. Die Wartezeit betrug etwa zwölf Minuten, was etwas länger war als erwartet. Das Personal war freundlich und die Transaktion wurde korrekt ausgeführt, allerdings gab es zwischendurch Verzögerungen. Für einfache Routinegeschäfte wäre eine schnellere Abwicklung wünschenswert.",2025-08-11,2,4,408
"Visité la ventanilla drive-thru de Bank Corp y el tiempo de espera fue mayor de lo que esperaba, alrededor de 12–15 minutos. El personal fue cortés y los trámites se resolvieron correctamente, pero sería útil mejorar la rapidez en horas pico para reducir la espera.",2025-09-01,25,3,273
"Minha experiência na Bank Corp foi decepcionante. O gerente mostrou falta de profissionalismo: demorou para me atender, não soube responder a dúvidas básicas e foi evasivo sobre taxas. Senti que tentou empurrar produtos sem entender minhas necessidades. Saí com o problema sem resolver e pouca confiança no atendimento. Espero melhorias na formação da equipe e na clareza das informações.",2025-06-15,44,1,690
"J'ai utilisé le service au guichet drive de Bank Corp. L'attente a été un peu longue (10–15 minutes), mais le personnel était professionnel et efficace. Le service a finalement été rapide et courtois, et mes opérations ont été traitées correctement. Je reviendrai malgré l'attente, en espérant un temps d'attente un peu réduit.",2025-09-06,20,3,597
"Ich war kürzlich bei einer Filiale von Bank Corp. Die Schalterangestellte war professionell, kompetent und bearbeitete mein Anliegen zügig. Sie erklärte alles verständlich und war höflich, wenn auch etwas förmlich. Insgesamt ein zufriedenstellender Service, nur die Wartezeit könnte kürzer sein.",2025-08-25,9,6,613
"Ich hatte kürzlich bei Bank Corp ein Schließfach genutzt. Der Zugang war insgesamt unkompliziert; das Personal war freundlich und hat die notwendigen Schritte geduldig erklärt. Die Räumlichkeiten waren sauber und sicher, nur die Wartezeit am Empfang könnte kürzer sein. Die Gebühren wurden transparent erläutert. Insgesamt fühle ich mich mit meinen Wertsachen gut aufgehoben und würde Bank Corp für Schließfachdienste empfehlen.",2025-08-27,5,6,477
"Die Wartezeit in der Bank Corp-Filiale war mäßig — etwa 15 Minuten, was ich für akzeptabel halte. Das Personal war freundlich und die Beratung sachlich. Die Räumlichkeiten sind ordentlich, allerdings könnte die Anzeige für die Warteschlange klarer sein. Insgesamt zufrieden, jedoch Raum für kleine Verbesserungen bei der Organisation.",2025-07-29,18,4,325
"Visité una sucursal de Bank Corp y fue una pesadilla. Instalaciones descuidadas: suelo sucio, sillas rotas, baño deplorable y cajero automático fuera de servicio. Aire acondicionado no funciona, iluminación pobre y señalización inexistente. Parece abandonada y poco segura. El personal intenta ayudar, pero el lugar da mala impresión y no inspira confianza. No vuelvo.",2025-08-06,12,1,214
"Ich war gestern bei Bank Corp im Drive-thru. Die Wartezeit war etwas länger als erwartet (etwa 10–12 Minuten), aber das Personal war freundlich und professionell. Die Abwicklung verlief zügig und mein Anliegen wurde kompetent erledigt. Insgesamt ein positiver Eindruck — für kleinere Erledigungen komme ich gern wieder, hoffe nur auf schnellere Abläufe in Stoßzeiten.",2025-08-19,38,4,468
"Excelente experiencia en la sucursal de Bank Corp. Mi asesor/a fue muy profesional, atento y con gran conocimiento; explicó cada opción con claridad y me recomendó soluciones a medida. Trámite rápido y transparente, me sentí valorado como cliente. Recomiendo al equipo por su eficiencia y trato humano.",2025-07-15,47,3,16
"La succursale de Bank Corp présente des conditions d'accueil globalement satisfaisantes. Les locaux sont propres, mais quelques équipements montrent des signes d'usure. L'éclairage et la signalétique sont adéquats, et l'accès pour personnes à mobilité réduite est présent bien que parfois partiellement encombré. Les distributeurs fonctionnent la plupart du temps; les horaires et informations affichées sont clairs.",2025-07-28,26,6,258
"Ich nutze das Schließfach bei Bank Corp und bin insgesamt zufrieden. Die Sicherheitsmaßnahmen sind überzeugend, der Zugang sicher und das Personal freundlich und hilfsbereit. Die Bürokratie bei der Anmeldung dauerte etwas länger als erwartet, aber die Mitarbeiter erklärten alles geduldig. Die Räumlichkeiten sind sauber und gut beleuchtet; ein verlässlicher Service für Wertsachen.",2025-06-25,27,2,154
"Der Zustand der Filiale von Bank Corp ist katastrophal. Schmutzige Böden, unbequeme, kaputte Sitze, ausgefallene Klimaanlage und verstopfte Toiletten machen jeden Besuch zur Tortur. Beschilderung fehlt, Barrierefreiheit quasi nicht vorhanden, Warteschlangen werden in kalten, engen Fluren abgewickelt. Das marode Umfeld kann auch freundliches Personal nicht retten. Absolut unprofessionell und untragbar — ich werde dort nie wieder hingehen.",2025-08-02,23,5,679
"Die Filiale von Bank Corp ist in einem katastrophalen Zustand: schmutzige Böden, kaputte Sitze, veraltete, schlecht funktionierende Geldautomaten und eine defekte Klimaanlage. Beschilderung und Beleuchtung sind mangelhaft, Toiletten ungepflegt und Barrierefreiheit nicht gegeben. Der Eindruck ist vernachlässigt und unprofessionell – ich werde dort nicht mehr hingehen.",2025-08-03,13,1,192
"Visitei uma agência do Bank Corp. O(a) caixa demonstrou profissionalismo, explicando os procedimentos com clareza e respondendo às dúvidas de forma objetiva. Atendimento foi cortês, embora o tempo de espera tenha sido moderado. Saí com as operações concluídas e instruções claras para os próximos passos.",2025-09-01,11,6,216
"Bei meinem Besuch in der Filiale von Bank Corp musste ich etwa 25 Minuten im Innenbereich warten, bis ich bedient wurde. Die Wartezone war sauber und gut organisiert, allerdings fehlte eine klare Anzeige der Wartereihenfolge. Das Personal wirkte freundlich, die Bearbeitung war zügig, als ich dran war. Insgesamt akzeptabel, könnte aber mit besserer Informationsanzeige verbessert werden.",2025-07-08,22,2,303
"Ich war sehr beeindruckt von der Erfahrung und Professionalität der Schalterkraft bei Bank Corp. Die Mitarbeiterin/der Mitarbeiter war freundlich, kompetent und effizient, erklärte alle Optionen klar und nahm sich Zeit für meine Fragen. Die Abwicklung verlief schnell und reibungslos – ich fühlte mich bestens beraten. Solch ein kundenorientierter Service macht den Unterschied. Vielen Dank, ich komme gerne wieder.",2025-07-31,25,2,402
"Expérience décevante chez Bank Corp. La guichetière semblait pressée et peu professionnelle : longue attente, réponses vagues, manque d'explications claires sur mes options. Une erreur sur mon dépôt a été reconnue, mais le ton du service était froid et peu rassurant. Je m'attendais à plus de compétence et de courtoisie pour une banque de cette taille. Espère une formation du personnel pour améliorer l'accueil et la clarté des informations.",2025-08-30,16,6,693
"My experience accessing a safety deposit box at Bank Corp was awful. Despite an appointment, I waited 90 minutes, frontline staff were dismissive and untrained, and a manager refused to escalate when they couldn't locate my key. Security procedures were inconsistently applied and invasive, and I left shaken and without access to my belongings. I will close my accounts — completely unacceptable.",2025-07-24,38,6,433
"Atendimento do gerente na agência da Bank Corp foi profissional e cortês. O assessor demonstrou conhecimento sobre os produtos e explicou as opções de forma clara. As orientações foram úteis para minhas decisões, embora o atendimento tenha incluído uma espera moderada. Em geral, experiência neutra a positiva quanto à competência e postura do banco.",2025-08-02,49,1,60
"Minha experiência na agência do Bank Corp foi, em geral, positiva. O assessor foi profissional, explicou os produtos com clareza e solucionou minhas dúvidas de forma eficiente. Atendimento cortês e ambiente organizado. Só achei que o tempo de espera poderia ser menor, mas o serviço prestado compensou. Recomendo para quem busca orientação confiável e atenção personalizada.",2025-08-18,7,4,444
"J'ai utilisé le service au guichet drive de Bank Corp dans l'une de ses agences de détail. L'attente a été légèrement plus longue que prévu (quelques minutes), mais le personnel est resté professionnel et la transaction a été traitée correctement. Service globalement acceptable, à améliorer aux heures de pointe.",2025-09-10,51,1,512
"Meine Erfahrung mit Bank Corp war äußerst enttäuschend. Der Berater war unprofessionell, inkompetent und desinteressiert, hat Termine versäumt, Informationen falsch dargestellt und keine klaren Lösungen angeboten. Kommunikation mangelhaft, Wartezeiten unverhältnismäßig. Ich fühle mich nicht ernst genommen und werde mein Konto kündigen. Kein Vertrauen, keine Empfehlung.",2025-06-20,38,5,696
"Ich habe kürzlich eine Filiale von Bank Corp besucht. Der Berater war kompetent und professionell, erklärte die Produkte verständlich und nahm sich Zeit für meine Fragen. Die Atmosphäre war freundlich und die Wartezeiten moderat. Ein kleiner Kritikpunkt: Die Online-Terminvereinbarung könnte übersichtlicher sein. Insgesamt fühle ich mich gut beraten und würde Bank Corp wegen der fachkundigen Betreuung weiterempfehlen.",2025-08-16,38,4,572
"I accessed my security deposit box at Bank Corp recently. The staff followed standard ID and paperwork procedures and the vault area appeared secure and clean. Scheduling an appointment was straightforward, though available hours were limited. I waited about 15 minutes beyond my scheduled time, but the representative was professional and explained fees clearly. Overall the process was adequate — secure and organized — but could benefit from shorter wait times and more flexible hours.",2025-07-01,49,6,1
"I visit Bank Corp's downtown branch regularly. The facility is clean, well-lit, and seating and signage make transactions easy; staff keep the lobby tidy and the ATMs usually work. My only gripe is limited parking and slightly dated furniture—overall a pleasant, functional branch.",2025-08-04,35,5,672
"La espera en el drive-thru de Bank Corp fue algo larga, aunque el personal atendió con profesionalismo una vez que fue mi turno. Las instalaciones estaban limpias y el proceso fue claro, pero sería útil reducir tiempos en horas punta. En general, una experiencia neutra que cumple con lo necesario.",2025-08-25,18,6,55
"Je suis très satisfait(e) des conditions des locaux de Bank Corp. La succursale est moderne, propre et bien entretenue, avec des zones d'attente confortables, des sièges spacieux et un mobilier ergonomique. L'accessibilité pour les personnes à mobilité réduite est excellente et la signalisation est claire. Le personnel maintient un environnement calme et sécurisé. Une expérience agréable à chaque visite.",2025-07-19,43,3,76
"La sucursal de Bank Corp está bien ubicada, limpia y con tecnología moderna (cajero automático y pantallas informativas). La señalización es clara y el acceso para personas con movilidad reducida funciona adecuadamente. Las instalaciones se mantienen en general en buen estado, aunque las sillas de espera están algo desgastadas y el baño podría recibir mantenimiento más frecuente en horas de alta afluencia. En general, una experiencia satisfactoria.",2025-06-14,4,5,238
"J'ai utilisé le service drive-thru de Bank Corp récemment. L'attente a été un peu plus longue qu'espéré (environ 8 minutes) pendant l'heure de pointe, mais le personnel est resté courtois et efficace. La transaction s'est bien déroulée et les consignes étaient claires. Bon emplacement et service fiable. Je reviendrai en évitant les heures d'affluence.",2025-08-14,42,5,235
"Ma récente visite à l'agence Bank Corp m'a déçu. Le/la guichetier(ère) semblait pressé(e) et peu professionnel(le), réponses évasives, manque d'attention et petites erreurs. Je me suis senti(e) ignoré(e) et j'ai perdu du temps. Pour une banque de cette taille, j'attendais un accueil plus compétent et poli. J'espère que la direction renforcera la formation du personnel pour améliorer l'expérience client.",2025-07-03,33,5,146
"Absolute Katastrophe. Ich musste über eine Stunde in der Bank Corp-Filiale warten, ohne Erklärung oder Entschuldigung. Keine sichtbare Organisation, Mitarbeiter wirkten überfordert und gleichgültig. Für einfache Anliegen gibt es keine effiziente Bearbeitung – unprofessionell und respektlos gegenüber Kunden. Ich werde diese Bank nie wieder persönlich aufsuchen.",2025-08-19,28,2,410
"La espera en el drive-thru de Bank Corp fue moderada: estuve unos diez minutos en la fila. El personal fue cortés y el servicio correcto, aunque el proceso podría ser más rápido en horas pico. En general una experiencia aceptable si no tiene prisa.",2025-09-09,35,6,610
"Visité una sucursal de Bank Corp y atendió un cajero. En general fue profesional y cortés; explicó los procedimientos con claridad y realizó las operaciones de forma correcta. El tiempo de espera fue razonable, aunque la atención podría ser más ágil en horas pico. Resolvió mis dudas sin apuros. Buena disposición, pero hay margen de mejora.",2025-08-02,32,2,298
"Mon conseiller chez Bank Corp a été professionnel et compétent lors de l'ouverture de mon compte. Il a expliqué clairement les opérations et répondu à mes questions avec patience. L'attente en agence était un peu longue et j'aurais apprécié plus de suivi par e-mail, mais globalement l'expérience a été satisfaisante. Je recommande pour le sérieux du personnel, tout en espérant une amélioration de la réactivité.",2025-08-09,6,5,699
"Visitei a agência do Bank Corp ontem e fui atendido por um caixa muito profissional. Ele foi atencioso, explicou os procedimentos com clareza e resolveu meu problema rapidamente. A única ressalva foi a fila um pouco longa, mas o atendimento compensou a espera. Saí satisfeito e confortável em retornar, pois senti confiança na equipe. Recomendo esta agência pelo empenho e cortesia do pessoal.",2025-06-24,41,3,168
"Ich habe kürzlich ein Beratungsgespräch bei Bank Corp gehabt. Die Beraterin war kompetent, professionell und hat mir komplexe Produkte verständlich erklärt. Mir gefiel die ruhige Atmosphäre und die Zuverlässigkeit bei Terminen. Einziges Manko war die etwas längere Wartezeit am Empfang. Insgesamt war die Erfahrung positiv: fachlich überzeugend und vertrauenswürdig — ich komme wieder, wenn ich weitere Fragen habe.",2025-08-09,35,4,211
"Visitei a unidade do Bank Corp e utilizei o drive-thru. O atendimento foi cortês, mas o tempo de espera foi acima do que eu esperava — cerca de 10 a 15 minutos em horário de pico. Entendo que pode variar, mas seria bom mais agilidade ou outra janela aberta para reduzir a fila. No geral a experiência foi satisfatória, apenas o tempo de espera merece atenção.",2025-08-07,36,5,696
"I had an outstanding experience at my local Bank Corp branch today. The teller was exceptionally professional, knowledgeable, and efficient—she quickly handled a complex transfer and clearly explained all options. She was friendly, patient, and made the whole visit stress-free. Their attention to detail and genuine customer care impressed me. Highly recommend this branch for anyone seeking courteous, skilled banking service.",2025-06-15,5,1,459
"Temps d'attente à l'intérieur de la succursale un peu long (environ 20 minutes), mais l'accueil était chaleureux et le personnel efficace. Lors de mon rendez-vous, on m'a expliqué clairement les options et tout s'est réglé sans stress. L'espace d'attente est propre et confortable. Dans l'ensemble, une expérience positive malgré l'attente — j'y retournerai si nécessaire.",2025-06-16,18,1,658
"I visited my local Bank Corp branch and was disappointed by the condition of the facility. The waiting area felt cramped and several chairs were broken or stained. Lighting is dim, signage is faded, and the ATM inside was out of service. Flooring and countertops looked neglected. Staff were polite but the physical environment makes banking inconvenient. Management should prioritize cleanliness, repairs, and clearer signage to improve the customer experience.",2025-08-13,15,4,403
"Die Erfahrung mit der Schalterkraft bei Bank Corp war katastrophal. Die Mitarbeiterin war unfreundlich, unprofessionell und desinteressiert, beantwortete meine Fragen nicht, wirkte genervt und gab falsche Auskünfte. Wartezeit ohne Entschuldigung, keinerlei Hilfsbereitschaft — ich werde die Bank wechseln und rate dringend ab.",2025-08-29,38,6,188
"I visited a Bank Corp branch to access my safety deposit box. The appointment system worked, and staff verified my ID and guided me to the vault area. The room was private and secure, though there was a short wait due to limited availability. Fees were explained clearly. Overall a professional and routine experience, but extended hours or more vault rooms would improve convenience.",2025-09-10,21,6,680
"Die Wartezeit in der Bank Corp-Filiale war akzeptabel. Ich musste etwa 15 Minuten warten, bevor ich dran war; das Personal arbeitete effizient und freundlich. Die Atmosphäre war ruhig, allerdings könnte die Betreuung zu Stoßzeiten durch zusätzliche Personalplanung verbessert werden. Insgesamt neutral zufrieden.",2025-07-27,7,2,2
"Minha experiência com o assessor da Bank Corp foi péssima. Atendimento rude, negligente e sem qualquer profissionalismo; recebi informações confusas e promessas não cumpridas. Perdi horas na agência sem solução e saí frustrado. Não recomendo a Bank Corp para quem precisa de atendimento competente.",2025-08-01,48,5,225
"Die Wartezeit in der Filiale war etwas länger als erwartet (ca. 15–20 Minuten), aber nicht übermäßig. Das Personal war freundlich und kompetent, die Beratung effizient und professionell. Insgesamt bin ich zufrieden: kleinere Wartezeit, dafür guter Service — gerne wieder.",2025-08-13,17,4,540
"Erfahrungen beim Zugriff auf mein Schließfach bei Bank Corp: nervenzehrend. Lange Wartezeiten, restriktive Öffnungszeiten und undurchsichtige Gebühren. Personal wirkte unvorbereitet und wenig hilfsbereit; mehrfach doppelter Identitätscheck ohne Erklärung. Der Zugang fühlte sich umständlich und zeitraubend an. Erwartet hatte ich sicheren, unkomplizierten Service — enttäuschend.",2025-07-22,38,6,607
"Excellente expérience chez Bank Corp! La guichetière a fait preuve d'un grand professionnalisme, très courtoise et d'une efficacité remarquable. Elle a répondu à toutes mes questions clairement, a traité ma transaction rapidement et m'a mise à l'aise. Service attentionné et compétent — je recommande vivement cette agence.",2025-07-19,48,5,108
"J'ai eu une expérience globalement positive chez Bank Corp. La guichetière était professionnelle, courtoise et efficace, expliquant clairement les démarches et répondant à toutes mes questions. Le service s'est déroulé sans accroc, même si l'attente a été légèrement plus longue que prévu. Je recommande cette agence pour la compétence de son personnel, avec un petit conseil d'amélioration sur la gestion des heures d'affluence.",2025-06-16,15,4,353
"J'ai utilisé le service de coffre-fort chez Bank Corp. L'accès nécessitait un rendez-vous, une pièce d'identité et des signatures; les procédures étaient claires. Le personnel a été professionnel et l'espace propre et sécurisé. Les horaires sont un peu limités et il y a des frais, mais l'expérience a répondu aux attentes.",2025-06-19,11,3,367
"Le temps d'attente au service au volant de Bank Corp varie selon l'heure. Parfois rapide, parfois plus long lors des périodes chargées. Le personnel est professionnel et efficace quand il y a moins de clients. Un ajustement des ressources aux heures de pointe améliorerait l'expérience.",2025-08-08,35,2,451
"Experiência terrível na agência do Bank Corp. Esperei mais de 45 minutos dentro da agência, com apenas um caixa atendendo e nenhuma explicação. Funcionários pareciam desorganizados e indiferentes; ninguém me ofereceu desculpas ou atualizou sobre a demora. Serviço inaceitável — não volto e não recomendo.",2025-07-30,35,3,609
"I visited Bank Corp yesterday to deposit checks and open a savings account. The teller was polite but distracted and seemed unsure about procedures, which caused a lengthy wait and several corrections to my paperwork. Their explanations were vague and I left feeling frustrated and not confident my accounts were set up correctly. The branch was clean, but the teller’s lack of professionalism needs improvement.",2025-08-20,14,6,530
"Terrible expérience à l'agence Bank Corp. Locaux sales, moquette tachée, toilettes infectes, climatisation en panne, chaises cassées et éclairage faiblard. Guichets désorganisés, signalétique inexistante, trottoir d'accès glissant et dangereusement mal entretenu. Distributeur HS depuis des semaines. Impossibilité d'attendre confortablement — service rendu encore pire par ces conditions déplorables. Inacceptable pour une banque. Je déconseille fortement.",2025-08-31,19,6,691
"I visited Bank Corp's local branch for help with account options and was mostly pleased. My banker was professional, knowledgeable, and explained things clearly, which made decision-making easier. The branch was clean and the staff courteous. My only gripe was a longer-than-expected wait, but once helped the process was smooth. Overall a positive experience — I’d return and would recommend this team for straightforward, professional service.",2025-06-20,7,3,649
"Excelente experiencia en la sucursal de Bank Corp. La cajera fue profesional, atenta y muy eficiente; resolvió mi trámite rápidamente, explicó todo con claridad y me hizo sentir valorado como cliente. Su amabilidad y conocimiento me dieron confianza. Sin duda volveré y recomiendo Bank Corp por la calidad y profesionalismo de su personal en ventanilla.",2025-09-06,24,2,347
"I visited Bank Corp's downtown branch recently. The lobby was generally clean and well-lit, though seating was limited during peak times. Signage could be clearer for service queues, and the restroom appeared dated but functional. The ATMs were operational and the waiting area temperature was comfortable. Staff were professional. Overall, the facility is adequate but could use minor updates for improved comfort and navigation.",2025-08-05,44,3,473
"Minha experiência na agência do Bank Corp deixou a desejar. O gerente parecia pouco preparado e houve falta de clareza nas informações sobre tarifas e produtos. Atendimento lento, funcionários visivelmente sobrecarregados e respostas vagas quando pedi explicações. Saí sem confiança para seguir com as propostas sugeridas. Espero mais profissionalismo e transparência em uma instituição desse porte.",2025-07-06,24,3,610
"Visitei a agência do Bank Corp e fiquei desapontado com as condições do local. Iluminação fraca, ar-condicionado barulhento e cadeiras desgastadas tornam a espera desconfortável. Piso e banheiros precisariam de limpeza e manutenção, e a sinalização é confusa. Para um banco que promete atendimento de qualidade, a infraestrutura deixa a desejar. Espero melhorias rápidas.",2025-09-07,10,5,229
"Visitei a agência da Bank Corp; as instalações são geralmente limpas e bem organizadas, com sinalização clara e assentos confortáveis. A área de espera poderia ser mais espaçosa nos horários de pico e o ar-condicionado estava um pouco fraco. O banheiro é limpo e o acesso para cadeirantes é adequado. No geral, ambiente agradável e profissional; pequenas melhorias na manutenção tornariam a experiência ainda melhor.",2025-08-17,18,6,239
"Meine Erfahrung mit dem Zugang zum Bankschließfach bei Bank Corp war katastrophal. Trotz Termin lange Wartezeit, unfreundliche und nicht hilfreiche Mitarbeiter, widersprüchliche Auskunft, bürokratische Hürden und kein echtes Entgegenkommen. Mir wurde der Zugang unnötig erschwert; Transparenz und Kompetenz fehlen völlig. Ich fühle mich enttäuscht und werde Bank Corp nicht weiterempfehlen.",2025-06-29,9,3,467
"Visite à l'agence Bank Corp : l'attente à l'intérieur a été un peu longue, mais pas insupportable. Le personnel était accueillant et compétent, et une fois pris en charge mon dossier a été traité rapidement. L'espace d'attente était propre et confortable. J'apprécie la qualité du service, mais j'espère une réduction des temps d'attente aux heures de pointe. Globalement, expérience positive.",2025-06-22,5,5,464
"Tive uma experiência excelente com o assessor do Bank Corp na agência local. Demonstrou muita experiência e profissionalismo, explicando todas as opções com clareza e oferecendo soluções personalizadas para minhas necessidades. O atendimento foi eficiente, cordial e sem pressa, o que me deixou confiante nas recomendações. Recomendo o Bank Corp a quem busca um serviço bancário de qualidade e consultoria confiável.",2025-07-11,9,4,64
"Visité la sucursal de Bank Corp y mi asesor mostró buena experiencia y profesionalismo. Explicó las opciones con claridad y respondió mis dudas con paciencia. La gestión fue eficiente aunque hubo cierta demora en el trámite final. En general quedé satisfecho y recomendaría esta sucursal, esperando mejoren los tiempos de atención.",2025-07-04,29,6,399
"I visited my local Bank Corp branch last week. The wait inside was a bit longer than I hoped—about 15 minutes—but the staff was friendly and efficient once I reached the teller. The branch was clean and well-organized, and they kept customers informed about estimated wait times. Overall a pleasant experience; I’d return, though shorter waits would be appreciated.",2025-08-23,3,5,99
"Visitei a agência do Bank Corp várias vezes. As instalações são limpas e bem iluminadas, com assentos suficientes e sinalização clara. No entanto, o ar-condicionado às vezes está alto e o banheiro apresenta desgaste visível. A área de espera poderia ter tomadas para carregar dispositivos. No geral, estrutura funcional, mas há espaço para pequenas melhorias.",2025-08-16,16,4,697
"I visited Bank Corp’s downtown branch and was impressed by the spotless, modern facility. The lobby is bright, seating comfortable, signage clear, and machines well-maintained. Restrooms were clean and accessible, and the layout made transactions smooth. The atmosphere felt safe and welcoming—great for busy days. Kudos to the staff for keeping everything in top condition. Highly recommend this location.",2025-07-06,37,3,33
"J'ai attendu 35 minutes à la succursale Bank Corp malgré un rendez-vous. La file à l'intérieur avançait très lentement, peu de guichets ouverts et pas assez de chaises. Le personnel était poli mais visiblement débordé, ce qui a rendu l'expérience frustrante. J'espère une meilleure organisation pour réduire le temps d'attente.",2025-07-13,38,5,431
"I visited Bank Corp to access my safety deposit box. The staff verified my ID and escorted me to the vault; procedures were clear and security felt appropriate. There was a short wait during a busy period, and I was asked to provide two forms of identification. Overall the visit met expectations — efficient but with some procedural delays.",2025-07-02,26,3,596
"Visité una sucursal de Bank Corp. La espera dentro de la sucursal fue algo larga (unos 15–20 minutos), pero el personal fue amable y muy profesional. Me atendieron con paciencia y resolvieron mi trámite eficazmente. En general quedé satisfecho; sólo recomendaría agilizar la gestión de filas.",2025-08-30,31,1,565
"Katastrophe! Beim Versuch, auf mein Schließfach zuzugreifen, wurde ich stundenlang hingehalten. Unfreundliches, unorganisiertes Personal, unklare Regeln und versteckte Gebühren. Trotz korrekter Dokumente kein Zugang, keine Entschuldigung, keine Lösung. Vertrauen komplett zerstört — nie wieder Bank Corp.",2025-06-20,14,2,425
"Las instalaciones de la sucursal de Bank Corp están en general bien cuidadas: salas de espera limpias, mobiliario cómodo y aire acondicionado adecuado. La señalización y el acceso para personas con movilidad reducida funcionan bien. Sería ideal que renovaran algunos baños y aumentaran la iluminación en el pasillo, pero en conjunto me sentí cómodo y atendido.",2025-06-20,19,6,206
"Las sucursales de Bank Corp están en pésimas condiciones: suciedad por todas partes, muebles rotos, luces fundidas y cajeros fuera de servicio. El aire acondicionado no funciona, los baños son asquerosos y frecuentemente sin papel. Sensación de abandono y falta de seguridad; no volveré ni lo recomiendo.",2025-06-22,26,4,507
"Le conseiller en agence a fait preuve de professionnalisme et de connaissances claires sur les produits proposés. L’accueil et les explications étaient corrects, les démarches ont été réalisées sans complication. Le temps d’attente était raisonnable, et les réponses aux questions satisfaisantes. Quelques détails de suivi pourraient être améliorés, mais dans l’ensemble l’expérience en agence a été acceptable.",2025-06-30,5,5,45
"Visité una sucursal de Bank Corp para abrir una cuenta y recibir asesoría financiera. El asesor fue profesional, presentó las opciones con claridad y respondió mis dudas de manera cortés. El proceso tomó más tiempo del esperado, pero la atención fue adecuada y transparente. En general, experiencia neutra: servicio competente con margen de mejora en eficiencia.",2025-09-09,44,3,195
"Die Filiale von Bank Corp überzeugt durch makellose, moderne Räumlichkeiten – hell, sauber und sehr gut gepflegt. Die Wartebereiche sind komfortabel, mit ausreichenden Sitzplätzen, gut sichtbarer Beschilderung und barrierefreiem Zugang. Klimatisierung, kostenloses WLAN und kurze Wege zu den Schaltern machen jeden Besuch angenehm. Ich fühle mich hier sicher und willkommen. Absolute Empfehlung!",2025-08-06,27,6,366
"Minha experiência na Bank Corp foi excelente. O assessor foi extremamente profissional, atencioso e esclareceu todas as minhas dúvidas. O atendimento foi rápido, personalizado e transparente; senti-me valorizado como cliente. As soluções financeiras apresentadas eram claras e adequadas às minhas necessidades. Recomendo a Bank Corp a quem busca competência e confiança em serviços bancários presenciais.",2025-08-05,32,3,306
"Péssima experiência no caixa do Bank Corp. O(a) atendente foi rude, despreparado(a) e excessivamente lento(a); parecia não conhecer procedimentos básicos e deu informações contraditórias. Saí sem resolver meu problema e me senti desrespeitado(a). Para uma instituição financeira, o nível de profissionalismo foi inaceitável. Não recomendo e não voltarei.",2025-07-15,17,1,263
"Visitei uma agência da Bank Corp e fui atendido por um(a) caixa que demonstrou profissionalismo e conhecimento. O atendimento foi eficiente, claro nas explicações sobre serviços e produtos, e resolveu minha solicitação sem complicações. A cordialidade foi adequada, embora o atendimento tenha sido um pouco impessoal. No geral, experiência satisfatória em termos de competência, com espaço para maior simpatia.",2025-08-12,21,5,202
"Visitei a agência para acessar minha caixa de segurança. O agendamento foi necessário; apresentei documento com foto e assinatura. O procedimento foi formal e acompanhado por funcionário. A sala era limpa e segura, embora a espera tenha sido um pouco longa. Não tive problemas, mas seria conveniente mais flexibilidade nos horários.",2025-09-03,9,4,547
"A agência do Bank Corp que frequento tem instalações razoáveis. A área de atendimento é limpa e bem iluminada, com cadeiras suficientes, embora o espaço fique apertado em horários de pico. Banheiro e estacionamento são funcionais, mas poderiam ter manutenção mais frequente. A sinalização interna ajuda a orientar clientes e os caixas eletrônicos funcionam normalmente. No geral, as condições físicas são adequadas, com pequenas melhorias necessárias.",2025-08-07,48,3,65
"Minha experiência na agência do Bank Corp foi excelente. As instalações são modernas, bem iluminadas e impecavelmente limpas. Salas de espera confortáveis, cadeiras e mesas adequadas, ar‑condicionado eficiente, banheiros limpos e acessíveis. Sinalização clara, filas organizadas e estacionamento disponível tornam tudo mais prático. Ambiente agradável que transmite confiança — recomendo a agência para qualquer serviço bancário.",2025-06-17,18,3,699
"Estoy muy satisfecho con las condiciones de las sucursales de Bank Corp. Instalaciones modernas y muy limpias, áreas de espera cómodas y bien iluminadas, y facilidad de acceso para personas con movilidad reducida. Señalización clara, seguridad visible y mantenimiento impecable. Cada visita resulta agradable y eficiente gracias al ambiente cuidado. Recomendable al 100%.",2025-08-02,12,6,38
"Fui ao drive-thru do Bank Corp e a espera foi bem longa — mais de 20 minutos com apenas um atendente. Funcionário educado, mas o processo é lento e desorganizado, prejudicando quem tem compromissos. Para operações simples, isso é inaceitável. Precisam abrir mais guichês ou melhorar o fluxo no horário de pico. Não voltaria em horário movimentado.",2025-08-21,46,5,608
"Expérience extrêmement négative chez Bank Corp. Le conseiller était impoli, incompétent et indifférent à mes questions. Rendez-vous bâclé, informations contradictoires, erreurs sur mon compte et aucun suivi malgré mes relances. Aucune transparence sur les frais. Je déconseille vivement cette agence : manque total de professionnalisme et perte de temps. Cherchez une banque qui respecte ses clients.",2025-08-14,3,6,565
"Expérience décevante chez Bank Corp. J'ai attendu longtemps et la personne au guichet semblait pressée et peu attentionnée. Manque de professionnalisme : informations confuses, erreur sur mon dépôt et aucune explication claire pour la corriger. Je m'attendais à un service plus compétent et courtois dans une agence de détail. Espérons une amélioration rapide.",2025-08-21,42,6,433
"Expérience très négative chez Bank Corp. Attente interminable à l’intérieur de l’agence (plus d’une heure) sans explication ni excuse, personnel débordé et indifférent. Organisation chaotique, service inacceptable — je ne recommande absolument pas cette succursale.",2025-09-08,46,6,186
"Mein Besuch bei Bank Corp, um mein Bankschließfach zu nutzen, war enttäuschend. Der Zugang war umständlich: lange Wartezeiten, wenig unterstützendes Personal und sehr eingeschränkte Öffnungszeiten. Die Sicherheitskontrollen dauerten ungewöhnlich lang und die Auskünfte zu Gebühren und erforderlichen Dokumenten waren widersprüchlich. Das Schließfach selbst war zwar sauber, aber die Betreuung insgesamt verbesserungswürdig.",2025-06-19,37,1,235
"Ich war beeindruckt von der kurzen Wartezeit am Drive-Thru. Kaum angekommen, wurde ich sofort freundlich und kompetent bedient. Die Abläufe sind effizient, das Personal hilfsbereit und professionell. Super Service, besonders praktisch für vielbeschäftigte Kunden. Ich komme gerne wieder und empfehle Bank Corp jedem, der schnelle, zuverlässige Abwicklung am Drive-Thru schätzt.",2025-06-16,10,5,233
"Die Drive‑Thru‑Schlange bei Bank Corp dauerte heute über 20 Minuten, obwohl nur wenige Kunden warteten. Niemand informierte uns über die Verzögerung oder entschuldigte sich. Für eine einfache Einzahlung ist das unzumutbar. Bitte besseres Personalmanagement oder schnellere Abwicklung.",2025-08-25,28,3,12
"Visité una sucursal de Bank Corp. El personal mostraba profesionalismo y conocimiento: explicó los procesos con claridad y respondió mis preguntas de forma cortés. La atención fue eficiente, aunque la espera en la fila fue algo larga. En general, buena experiencia respecto a la competencia y el trato del/la cajero/a.",2025-07-19,26,3,317
"Horrible experience at the Bank Corp branch. The facility is dirty and neglected: stained carpets, flickering lights, a broken elevator, and a disgusting bathroom with no soap or paper towels. The waiting area is cramped with torn chairs and overflowing trash bins. It feels unsafe and uncared-for. I will never return and strongly advise avoiding this location until it’s properly cleaned and repaired.",2025-07-23,17,4,628
"Visited my local Bank Corp branch yesterday. Wait time inside was a bit longer than I expected (about 20 minutes), but staff were friendly and efficient once called. The teller helped resolve my account question quickly and explained next steps clearly. Branch was clean and organized, so the short delay felt manageable. Would return, but might try an off-peak time to save a few minutes.",2025-08-14,44,1,507
"I visited my local Bank Corp branch to access my security deposit box. Staff were polite but unhelpful; I waited 30 minutes despite an appointment. Process felt outdated—paper forms, limited hours, and no clear explanation of fees. The vault area seemed secure, but poor signage and slow procedures made the visit frustrating. For convenience and transparency, Bank Corp needs to modernize and staff appointments more effectively.",2025-06-20,36,1,182
"Visitei uma agência do Bank Corp para abrir conta e receber orientação financeira. O gerente demonstrou boa experiência e profissionalismo, explicando produtos com clareza e propondo soluções adequadas ao meu caso. Atendimento cortês e eficiente, resolveu dúvidas complexas. Ponto a melhorar: tempo de espera um pouco longo em horários de pico. No geral, satisfeito e voltaria quando precisar de suporte financeiro.",2025-06-28,39,2,571
"I visited Bank Corp to open an account and get advice on refinancing. The branch staff were polite but the advisor seemed rushed and unprepared, gave vague answers and mixed information about fees. Appointments started late and follow-up promises weren't kept. For a trusted financial institution I expected clearer explanations and better professionalism. I left frustrated and unsure and won't recommend this location unless service improves.",2025-06-30,22,5,482
"Las sucursales de Bank Corp están impecables y modernas. Las instalaciones son amplias, bien iluminadas y muy limpias; los asientos y áreas de espera son cómodos. Los baños y accesos para personas con movilidad reducida están en excelente estado. La señalización es clara y el personal mantiene todo ordenado. Me siento seguro y cómodo al realizar mis operaciones; condiciones de primera.",2025-07-15,5,3,613
"Mein Besuch in einer Bank Corp-Filiale war enttäuschend. Der Schaltermitarbeiter wirkte unfreundlich und wenig professionell, konnte meine Fragen zu Kontofunktionen nicht beantworten und wirkte genervt. Lange Wartezeit trotz Termin, Beratung oberflächlich. Bei einer großen Bank erwarte ich kompetentere und freundlichere Mitarbeiter — hier besteht deutlicher Verbesserungsbedarf.",2025-08-19,31,5,251
"Ich war kürzlich am Drive-Thru der Bank Corp. Die Wartezeit war zwar etwas länger als erwartet (ca. 8–10 Minuten), aber das Personal war freundlich und effizient, sodass sich die Verzögerung in Grenzen hielt. Die Abwicklung verlief korrekt und ich wurde gut informiert. Insgesamt ein zufriedener Eindruck — gerne wieder, wenn die Wartezeiten noch etwas verkürzt werden könnten.",2025-07-24,5,6,563
"Fui à agência do Bank Corp e tive um atendimento profissional e atencioso. O gerente explicou claramente opções de conta e investimentos, demonstrando conhecimento e paciência. Sai confiante nas escolhas, apesar de uma espera um pouco longa na chegada. Experiência positiva; recomendo pela competência da equipe, com pequena melhora no tempo de espera.",2025-07-09,20,6,27
"Très satisfait de mon expérience chez Bank Corp. Mon conseiller a fait preuve d’un grand professionnalisme : écoute attentive, explications claires et solutions parfaitement adaptées à ma situation. Rapidité, disponibilité et suivi impeccable. Grâce à lui j’ai retrouvé confiance et sérénité dans la gestion de mes comptes. Je recommande vivement cette agence et son équipe.",2025-06-22,30,1,567
"Terrible experience with the banker at Bank Corp. The advisor was dismissive, unprofessional, and gave conflicting information about fees and account options. Promised follow-ups never happened, leaving issues unresolved and wasting my time. I felt disrespected and misled—do not trust this branch for anything beyond the basics. Extremely disappointing.",2025-07-21,29,6,312
"Ich habe heute den Drive‑Thru der Bank Corp genutzt. Die Wartezeit lag bei etwa 10 Minuten, was etwas länger war als erwartet, aber der Ablauf war klar und organisiert. Das Personal wirkte professionell. Insgesamt akzeptabel, eine Verkürzung der Wartezeiten wäre wünschenswert.",2025-06-15,5,1,456
"Tive uma experiência bastante positiva ao acessar a caixa de segurança na agência Bank Corp. O agendamento foi simples e o atendimento cordial; o funcionário explicou os procedimentos com paciência. As instalações eram limpas e aparentavam seguras. Houve um pequeno atraso por checagem de documentos, mas isso me deixou mais tranquilo quanto à segurança. No geral, recomendo o serviço, apenas sugeriria mais agilidade no atendimento.",2025-07-24,33,5,348
"Les agences Bank Corp sont généralement propres et bien éclairées. L'agencement facilite l'attente et l'accès pour les personnes à mobilité réduite, mais certains sièges et revêtements montrent des signes d'usure. La signalétique pourrait être plus visible, et la régulation de la température varie selon les sites. Globalement, les installations sont fonctionnelles, mais quelques améliorations de maintenance amélioreraient le confort.",2025-06-27,24,3,116
"Ich hatte eine ausgezeichnete Erfahrung beim Zugriff auf mein Bankschließfach bei Bank Corp. Die Filiale war modern und sehr sicher, das Personal freundlich und diskret. Der Zugang war unkompliziert, die Wartezeiten kurz und die Anweisungen klar. Ich fühle mich mit meinen Wertsachen sehr gut aufgehoben und empfehle Bank Corp jedem, der ein zuverlässiges und professionelles Schließfach sucht.",2025-07-26,28,1,521
"I visited my local Bank Corp branch for help with account setup and felt disappointed. The teller seemed rushed and gave unclear answers; the advisor I was passed to appeared inexperienced and offered conflicting information. Wait times were long despite an appointment, and follow-up promised by phone never came. Staff were polite enough but lacked professionalism and ownership. For routine banking I expect clearer guidance and better communication—I’ll likely take my business elsewhere unless service improves.",2025-08-07,16,6,443
"Minha experiência na agência da Bank Corp foi excelente. Cheguei e fui atendido em poucos minutos; fila rápida, ambiente organizado e funcionários muito atenciosos. O tempo de espera foi mínimo e o atendimento, eficiente. Saí satisfeito e recomendo para quem precisa de serviços bancários com agilidade e simpatia.",2025-09-09,48,3,380
"I visited Bank Corp today and waited over an hour inside the branch with no updates or apologies. Only one teller working, customers piled up, staff seemed disorganized and unhelpful. This wasted my morning and felt completely disrespectful to customers' time. I won’t return until they fix their staffing and communication.",2025-08-30,38,5,223
"Katastrophaler Service bei Bank Corp. Der Zugang zu meinem Bankschließfach war eine einzige Farce: Termine wurden mehrfach verschoben, Sicherheitsmitarbeiter unfreundlich, der Schlüssel angeblich nicht auffindbar. Drei Stunden Wartezeit, dann Zutritt verweigert ohne nachvollziehbare Erklärung. Niemand übernimmt Verantwortung, die Filiale ignoriert Beschwerden. Absolut inakzeptabel — ich würde Bank Corp niemandem empfehlen.",2025-07-20,44,5,686
"Visité una sucursal de Bank Corp y mi experiencia con la cajera fue deplorable. Fue grosera, apática y poco profesional; cometió errores en mi operación y no ofreció solución ni explicación. Me atendieron con impaciencia y sin cortesía, lo que me hizo perder tiempo y confianza. No recomiendo esta sucursal hasta que mejoren la capacitación y el trato al cliente.",2025-07-07,15,5,408
"Visitei a agência da Bank Corp e fui atendido por um assessor que demonstrou conhecimento técnico e cortesia. Explicou as opções disponíveis com clareza e respondeu às minhas dúvidas, embora o atendimento tenha sido um pouco formal. No geral, a experiência foi satisfatória em termos de profissionalismo e competência.",2025-06-26,27,5,500
"Visité Bank Corp para acceder a mi caja de seguridad. El proceso fue sencillo: reservé cita, presenté identificación y llave, y el personal me acompañó al área segura. Las instalaciones parecen bien mantenidas y la seguridad es adecuada. Los horarios son algo limitados y la tarifa me pareció razonable. En general, experiencia neutral y funcional.",2025-07-21,16,1,445
"I visited Bank Corp last week for a simple deposit and waited 45 minutes despite the branch being only moderately busy. Only one teller seemed to be serving customers and there was no clear queue system. Staff were polite but rushed, and my appointment wasn’t honored. For basic transactions this branch feels understaffed and inefficient — not the experience I expect from Bank Corp.",2025-06-18,21,1,116
"Die Filiale von Bank Corp macht insgesamt einen ordentlichen Eindruck. Die Räume sind sauber und gut beleuchtet, der Wartebereich bietet ausreichende Sitzplätze. Manche Schilder könnten jedoch klarer sein und die Klimatisierung ist gelegentlich ungleichmäßig. Die Geldautomaten funktionieren zuverlässig. Insgesamt akzeptable Bedingungen mit leichtem Verbesserungsbedarf.",2025-07-04,47,4,695
"Les agences de Bank Corp sont dans l'ensemble propres et bien entretenues. Le personnel d'accueil est aimable et les espaces d'attente confortables, avec distributeurs et accès pour PMR. J'apprécie la gestion des files et la rapidité du service. Quelques améliorations seraient les toilettes un peu vieillissantes, une signalisation intérieure parfois confuse et des places de parking limitées. Globalement satisfait de l'état des installations.",2025-06-18,4,2,523
"Excelente experiencia en la sucursal de Bank Corp. El cajero fue muy profesional, atento y eficiente: explicó todo con claridad, resolvió mi consulta rápidamente y realizó la operación sin errores. Su amabilidad y discreción hicieron el trámite ágil y sin estrés. Muy satisfecho — recomendaré esta sucursal por la calidad y profesionalismo del personal.",2025-08-13,11,3,348
"Terrible experience accessing my safe deposit box at Bank Corp. I waited over an hour, was given conflicting ID requirements, and had to make multiple trips. Staff were disorganized and dismissive, and management offered no real help or apology. I felt locked out of my own belongings and wasted time and money. Extremely frustrating — I’m moving my business elsewhere.",2025-08-07,15,2,29
"La espera dentro de la sucursal fue algo larga (unos 15–20 minutos), pero el personal fue amable y eficiente una vez atendido. El ambiente es cómodo y las explicaciones, claras. Mejoraría la señalización para agilizar filas, pero en general fue una experiencia positiva.",2025-06-28,12,2,340
"Excelente experiencia en Bank Corp. Mi asesor fue muy profesional, explicó todo con claridad y paciencia, resolvió mis dudas y propuso soluciones adecuadas a mis necesidades. La atención fue rápida, eficiente y cordial; me sentí en buenas manos. Recomiendo sin dudar a este banco y a su equipo de asesores.",2025-07-09,46,5,406
"Las sucursales de Bank Corp siempre están impecables y bien mantenidas. Espacios amplios, limpios y cómodos, con señalización clara y asientos suficientes. Las instalaciones son modernas, accesibles para personas con movilidad reducida y cuentan con buena iluminación y seguridad. Me siento tranquilo y valorado cada vez que visito; una experiencia excelente.",2025-06-26,40,3,330
"J'ai utilisé le service de location de coffre chez Bank Corp. L'accès se fait sur rendez-vous, contrôle d'identité strict et accompagnement du personnel. Les locaux sont propres et sécurisés, le temps d'attente raisonnable. Les procédures m'ont semblé claires, bien que les horaires d'ouverture limitent la flexibilité. Coût et modalités expliqués, mais j'aurais apprécié plus d'informations écrites après la visite. Expérience globalement satisfaisante.",2025-07-29,41,4,454
"Meine Erfahrung mit dem Schließfachzugang bei Bank Corp war rundum ausgezeichnet. Freundliches Personal, reibungslose Terminvereinbarung, strikte Sicherheitsstandards und gepflegte Schließfachräume. Die Mitarbeiter erklärten alles verständlich, der Zugang war schnell und diskret. Ich fühle mich dort sehr gut aufgehoben – zuverlässig, professionell und sicher. Absolute Empfehlung!",2025-06-16,48,2,114
"Mi experiencia en Bank Corp fue decepcionante. El/la asesor(a) en la sucursal mostró falta de profesionalismo: tardaron en atender, no supieron explicar tarifas ni alternativas, y la comunicación fue confusa. Salí con más dudas que soluciones y sentí que mis necesidades no eran prioridad. Espero mejoras en la formación del personal y en la atención al cliente; por ahora no lo recomendaría para gestiones importantes.",2025-06-28,1,2,126
"Visited a Bank Corp branch and worked with a teller who was professional and competent. They processed my deposit accurately and explained available options without pressure. Service was polite and clear, though the line moved slowly. Overall a satisfactory, professional interaction for routine banking needs.",2025-08-29,11,3,285
"J’ai récemment utilisé le service au volant de Bank Corp et j’ai été déçu par le temps d’attente. Malgré des employés polis, j’ai attendu plus de 20 minutes pour une opération simple. Le système semblait lent et mal géré, surtout aux heures de pointe. J’espère une meilleure organisation et plus de personnel pour rendre l’expérience plus fluide.",2025-09-02,8,5,216
"Désolé, je ne peux pas rédiger de faux avis destinés à tromper. Je peux en revanche vous aider à écrire un avis authentique à partir de votre expérience. À titre d'exemple (fictif) :

J'ai été agréablement surpris par la rapidité du service au drive de Bank Corp. Même en heure de pointe, l'attente était minime et le personnel très efficace et souriant. Ma transaction a été traitée en quelques minutes — clair, professionnel et sans stress. Je recommande vivement ce drive pour sa rapidité et la qualité du service client.",2025-09-09,26,6,329
"Excelente experiência no atendimento drive-thru do Bank Corp. A fila estava curta e fui atendido rapidamente; o funcionário foi eficiente, atencioso e resolveu minha operação com precisão. Prático, ágil e sem complicações — ideal para quem tem pouco tempo. Recomendo o drive-thru do Bank Corp para um serviço bancário rápido e profissional.",2025-08-26,23,1,226
"Ich war begeistert vom professionellen Service bei Bank Corp. Die Mitarbeitende am Schalter war äußerst freundlich, kompetent und effizient. Sie beantwortete alle Fragen verständlich, erledigte die Transaktionen schnell und gab hilfreiche Tipps. Durch die ruhige, zuvorkommende Art fühlte ich mich gut beraten und sicher. Insgesamt eine hervorragende Erfahrung – ich komme gerne wieder.",2025-08-29,23,4,571
"Sehr gute Erfahrung in der Filiale: kaum Wartezeit, schnelle Betreuung am Schalter. Schon beim Betreten wurde ich freundlich begrüßt und innerhalb weniger Minuten dran. Die Mitarbeiter waren kompetent und effizient, erklärten alles verständlich. So macht Bankgeschäft Spaß — zeitsparend und professionell. Ich komme gern wieder und empfehle diese Filiale weiter.",2025-07-06,35,6,218
"Terrible experience at Bank Corp branch. Waited 50 minutes inside with only two tellers working while managers ignored the growing line. No updates, no apologies, and staff seemed indifferent. Appointment meant nothing — I sat longer than walk-ins. Completely unacceptable for a basic transaction. Will close my accounts and recommend others avoid this location until they fix staffing and customer service.",2025-08-07,5,1,124
"Bank Corp's branch wait times are appalling. I waited well over an hour inside the branch with no communication or apology from staff. The line barely moved, tellers seemed overwhelmed, and management offered no solutions. Completely unacceptable for a bank — I won't be returning and wouldn't recommend them.",2025-07-03,3,3,322
"Visité el drive-thru de Bank Corp y la espera fue frustrante. Había solo un cajero y tardaron demasiado en atender operaciones sencillas. Entiendo imprevistos, pero el servicio debe mejorar la rapidez. No lo recomendaría si vas con prisa.",2025-07-04,35,4,547
"Visite à une agence Bank Corp pour un dépôt et une question sur mon compte. Le guichetier était professionnel, compétent et a traité ma demande rapidement. Il a répondu clairement à mes questions et vérifié les détails avec soin. L'attente n'était pas longue. Expérience globale satisfaisante, conforme aux attentes pour un service courant.",2025-08-13,16,5,332
"Ich war sehr beeindruckt von der Erfahrung und Professionalität meines Beraters bei der Bank Corp Filiale. Die Beratung war kompetent, klar und völlig transparent. Meine Fragen wurden geduldig beantwortet, passende Lösungen angeboten und alle Schritte effizient umgesetzt. Ich fühlte mich bestens aufgehoben und vertraue der Bank voll. Hervorragender Service — uneingeschränkt zu empfehlen.",2025-09-03,17,1,503
"Mi experiencia en Bank Corp fue totalmente decepcionante. La cajera mostró una actitud grosera y poco profesional, fue indiferente, lenta y desinformada. No respondió a mis preguntas, me hizo esperar sin explicación y cerró el trámite de manera descortés. No recomiendo esta sucursal mientras mantengan ese nivel de servicio.",2025-07-26,12,2,342
"Minha experiência ao acessar a caixa de segurança no Bank Corp foi frustrante. Agendei atendimento, mas o horário de funcionamento é reduzido e houve espera de 40 minutos. O processo envolve muita burocracia e exigem documentos repetidos; cobraram taxa não explicada. Funcionários pareciam despreparados e pouco solícitos. Entendo questões de segurança, mas a falta de clareza e eficiência torna o serviço insatisfatório. Não recomendo sem melhorias no atendimento e transparência.",2025-06-28,17,2,508
"Terrible experience at a Bank Corp branch. The teller was rude, uninterested, and clearly inexperienced — gave me wrong information that triggered an overdraft fee. She handled my documents carelessly, asked personal questions aloud at the counter, and refused to escalate when I asked for a manager. Long wait, no apology. Completely unprofessional; I will be closing my accounts and warning others to avoid this location.",2025-08-04,26,1,20
"Très déçu par l'état des agences de Bank Corp. Sols sales, mobilier abîmé, sièges insuffisants et toilettes dans un état déplorable. Climatisation inexistante en été et chauffage insuffisant en hiver; éclairage faiblard. Signalisation confuse, accès pour personnes handicapées peu ou pas adapté. Donne une impression d'abandon et d'amateurisme — inadmissible pour une banque.",2025-08-04,41,5,63
"Ich nutze bei Bank Corp ein Wertfach und war insgesamt zufrieden mit dem Zugang. Die Filiale ist sauber, die Mitarbeiter freundlich und haben mir den Ablauf gut erklärt. Termine funktionieren zuverlässig, die Sicherheitskontrollen sind streng, was Vertrauen schafft. Einziger Wermutstropfen: die Öffnungszeiten sind etwas eingeschränkt, sodass flexible Zugänge schwerfallen. Trotzdem fühle ich mich mit meinen Wertsachen gut aufgehoben und würde das Wertfach weiterempfehlen.",2025-08-15,50,4,302
"Visitei uma agência do Bank Corp. O consultor foi profissional e competente, explicou os produtos de forma clara e respondeu às minhas dúvidas. O atendimento ocorreu no horário marcado e o processo foi eficiente, embora a espera inicial na recepção tenha sido um pouco longa. No geral, experiência neutra e dentro do esperado quanto ao profissionalismo.",2025-07-02,38,3,330
"Bei meinem Besuch in einer Filiale von Bank Corp betrug die Wartezeit innerhalb der Filiale etwa 20 Minuten. Das Personal war freundlich und bearbeitete mein Anliegen zügig, sobald ich dran war. Es gab ausreichend Sitzplätze und eine übersichtliche Anzeige der Wartenden. Insgesamt war die Wartezeit akzeptabel, aber an Stoßzeiten könnte sie deutlich länger ausfallen.",2025-08-18,10,4,75
"Absolutely miserable experience at Bank Corp drive-thru. I waited over 20 minutes with cars backed up while only one lane was open and employees chatted inside. No apology, no explanation, just total disorganization. This is unacceptable for any bank—complete waste of my time. I left and will never use this branch again. Fix your staffing and processes immediately.",2025-08-23,4,1,553
"Tive uma experiência excelente na agência da Bank Corp. O assessor foi extremamente profissional, competente e atencioso; explicou todas as opções com clareza, respondeu a todas as minhas dúvidas e tornou o processo rápido e sem estresse. Senti-me bem atendido e confiante nas recomendações. Recomendo a agência pela qualidade do atendimento.",2025-07-29,14,5,339
"Visité una sucursal de Bank Corp y traté con un cajero cuya experiencia y profesionalismo fueron adecuados. Atendió con cortesía, realizó las operaciones de manera eficiente y explicó los pasos necesarios. Hubo una espera moderada, pero el trámite se resolvió sin errores. En general, experiencia neutra y profesional.",2025-07-24,5,3,77
"Die Filiale von Bank Corp ist in einem katastrophalen Zustand. Schmutzige Böden, abgewetzte Möbel, defekte Klimaanlage und verstopfte Toiletten. Beleuchtung flackert, Schalterbereiche ungepflegt, kein barrierefreier Zugang. Müll im Eingangsbereich und unangenehmer Geruch machen einen Besuch zur Qual. Für eine Bank völlig inakzeptabel – unprofessionell, unsicher und nicht empfehlenswert.",2025-07-20,44,1,133
"I recently visited Bank Corp’s downtown branch. The facility is clean, well-lit, and easy to navigate, with clear signage and working ATMs. The waiting area is comfortable and the accessible entrance is convenient. Staff kept things orderly, though there was a short wait during lunch hour. Parking can be tight at peak times and the restrooms could use a refresh. Overall, the branch is well maintained and pleasant to visit.",2025-08-31,51,5,579
"La sucursal está descuidada: alfombras manchadas, mobiliario viejo, aire acondicionado ruidoso y fila sin sillas suficientes. Los baños estaban sucios y sin papel, la iluminación es opaca y la señalización confusa. Esto afecta la experiencia y da mala impresión para un banco de esta talla. Atención del personal correcta, pero el estado de las instalaciones necesita mejoras urgentes.",2025-07-06,8,6,286
"Tuve una buena experiencia en una sucursal de Bank Corp. El asesor mostró profesionalismo y conocimiento, respondió mis dudas con claridad y propuso soluciones adecuadas a mi situación financiera. La atención fue amable y eficiente, aunque el tiempo de espera fue un poco largo. En general salí satisfecho y recomendaría esta sucursal por su trato profesional y disposición para ayudar.",2025-07-23,20,2,441
"Visitei uma agência do Bank Corp e fui atendido por um(a) caixa profissional. A pessoa se mostrou cortês e esclareceu minhas dúvidas de forma clara. O atendimento foi eficiente e os procedimentos realizados corretamente; o tempo de espera foi razoável. No geral, experiência neutra e conforme o esperado para serviços bancários presenciais.",2025-07-18,13,1,12
"Visitei a agência drive-thru do Bank Corp e o atendimento foi cortês, porém o tempo de espera acabou sendo maior do que esperava — cerca de 10–12 minutos. A transação foi realizada corretamente, mas seria bom revisar o fluxo para reduzir a fila em horários de pico. Em geral, experiência neutra: eficiente, embora um pouco demorada.",2025-07-24,26,2,427
"Die Wartezeit in der Filiale von Bank Corp war akzeptabel – ich musste etwa 15 Minuten warten. Die Mitarbeiter waren freundlich und professionell, sodass sich die Wartezeit gelohnt hat. Die Beratung war effizient und verständlich. Insgesamt zufrieden, würde ich wiederkommen, hoffe aber auf kürzere Wartezeiten zu Stoßzeiten.",2025-08-19,17,3,643
"I love Bank Corp's drive-thru—wait times are consistently short. Even during busy hours I’m in and out in minutes thanks to their efficient staff and clear lanes. Friendly tellers greet you promptly and handle transactions smoothly. It's convenient, fast, and reliable—perfect for errands on the go. Highly recommend!",2025-09-07,28,5,699
"Visité el drive-thru de Bank Corp y tardé 20 minutos esperando. Solo había un cajero, el servicio fue lento y el sistema se veía desorganizado. Entiendo que hay horas pico, pero deberían mejorar la atención y aumentar personal. No fue una experiencia satisfactoria; espero que arreglen los tiempos de espera.",2025-08-07,17,4,499
"Tuve una excelente experiencia en Bank Corp. Mi asesor fue muy profesional, conocedor y atento; explicó claramente todas las opciones y me ayudó a elegir la mejor solución para mis necesidades financieras. La atención en la sucursal fue rápida y personalizada, con un trato amable y eficiente. Me sentí en confianza en todo momento. Recomiendo a Bank Corp por su profesionalismo y excelente servicio al cliente.",2025-09-12,45,5,625
"Tuve una experiencia bastante frustrante en el drive-thru de Bank Corp. Esperé más de 25 minutos con solo una persona atendiendo, lo que me hizo llegar tarde a una reunión. El personal fue educado, pero el servicio es lento; deberían mejorar la organización o habilitar más ventanillas para reducir los tiempos de espera.",2025-09-07,47,6,37
"A agência do Bank Corp deixa a desejar nas condições físicas. Filas aumentam por falta de espaço e sinalização confusa; cadeiras desconfortáveis e ar-condicionado intermitente tornam a espera desagradável. O banheiro estava sujo e o caixa eletrônico com defeito quando precisei. A acessibilidade também é precária, com pouca sinalização para rampas. Precisa de manutenção, limpeza e reorganização para oferecer uma experiência minimamente aceitável.",2025-08-20,50,1,83
"Agences Bank Corp dans un état déplorable : sols sales, sièges déchirés, guichets souvent hors service et distributeurs en panne. Toilettes insalubres, éclairage défaillant, ventilation inexistante. Attente inconfortable, accès pour personnes à mobilité réduite mal adapté. Inacceptable pour une institution financière — je déconseille fortement.",2025-06-14,10,1,97
"Tuve una experiencia neutra al acceder a la caja de seguridad de Bank Corp. El proceso fue formal: concerté cita, registraron mi identidad y me acompañaron a la sala. Las instalaciones son seguras y limpias; sin embargo, los tiempos de espera fueron algo largos y la disponibilidad de horarios limitada. El personal fue profesional pero con interacción mínima. En general, cumplió con su función, aunque hay espacio para mejorar la eficiencia.",2025-09-04,10,4,120
"I've been visiting Bank Corp's branch regularly and am always impressed by the excellent conditions of the facility. The lobby is clean and modern, seating is comfortable, and the ATMs and self-service kiosks work reliably. Restrooms are spotless, signage is clear, and the space feels safe and well-maintained. It's a welcoming, professional environment that makes banking quick and pleasant—highly recommended.",2025-06-29,47,3,122
"La succursale de Bank Corp présente des locaux fonctionnels mais quelques améliorations sont possibles. L'espace d'accueil est propre et bien rangé, les sièges suffisants, et la signalisation claire. Toutefois, la climatisation fonctionne de façon irrégulière et les toilettes pourraient être mieux entretenues. L'accès pour les personnes à mobilité réduite est présent mais étroit. Globalement convenable pour les opérations courantes.",2025-06-22,18,5,406
"Visite à l'agence Bank Corp aujourd'hui. Le temps d'attente à l'intérieur était assez long (environ 20–25 minutes) malgré une file organisée. Le personnel était professionnel et efficace une fois servi, mais il serait utile d'améliorer la gestion des rendez-vous pour réduire l'attente. Agence propre et calme.",2025-07-25,44,2,155
"Expérience décevante en accédant à mon coffre de sécurité chez Bank Corp. Rendez-vous difficiles à obtenir, longues attentes et procédures administratives strictes. Le personnel était poli mais peu informé, ce qui a retardé l’accès. Les horaires très limités et les frais supplémentaires n’aident pas. Il faudrait plus de transparence et de flexibilité pour que le service soit à la hauteur.",2025-09-04,5,4,647
"Experiência ao acessar a caixa de segurança na agência do Bank Corp foi satisfatória. O procedimento exige agendamento e checagem de documentos; a segurança é adequada e o espaço é discreto. Atendimento foi cordial, embora eu tenha esperado alguns minutos. Horário de atendimento é restrito, o que pode ser inconveniente. No geral, processo eficiente e seguro.",2025-08-17,6,5,225
"Muy mala experiencia con las instalaciones de Bank Corp. La sucursal está sucia, alfombras manchadas, baños desagradables, mobiliario roto, aire acondicionado sin funcionar, iluminación deficiente y señalización confusa. Esperas en sillas incómodas y hay poca accesibilidad para personas con movilidad reducida. Parece abandonada. Inaceptable para un banco.",2025-09-11,11,4,694
"Enttäuschend. Bei Bank Corp im Filialgeschäft habe ich 45 Minuten gewartet, ohne Info oder Entschuldigung. Schalter oft unbesetzt, Ticketautomat nutzlos, Personal wirkte überfordert. Service chaotisch und respektlos gegenüber Kundenzeit. Für einfache Kontoangelegenheiten eine Zumutung — ich werde künftig Filialbesuche vermeiden und ernsthaft über einen Wechsel nachdenken.",2025-07-14,40,5,240
"Fui ao drive-thru do Bank Corp e esperei muito mais do que o esperado. Havia apenas um atendente e a fila avançava devagar; fiquei cerca de 20 minutos para um simples depósito. Atendimento educado, mas a lentidão e a falta de organização foram frustrantes. Para um banco desse porte deveriam melhorar o fluxo — abrir mais janelas ou otimizar processos. Voltar? Só se não houver alternativa.",2025-09-12,3,4,88
"Ich bin äußerst zufrieden mit Bank Corp. Mein Berater war kompetent, professionell und nahm sich viel Zeit, um meine Bedürfnisse zu verstehen. Die Empfehlungen waren klar, nachvollziehbar und individuell zugeschnitten. Termine wurden pünktlich eingehalten, Unterlagen schnell bearbeitet. Ich fühlte mich jederzeit gut beraten und gut aufgehoben – sehr empfehlenswert für private Banking-Anliegen.",2025-07-28,3,4,323
"Agência do Bank Corp em péssimas condições. Encontrei cadeiras rasgadas, ar-condicionado sem funcionar, chão sujo e banheiros malcuidados. Sinalização ruim, mobília desgastada e pouca acessibilidade. Filas demoradas e funcionários pareciam despreocupados. Experiência frustrante; não volto nem recomendo.",2025-09-09,8,3,171
"Terrible experience accessing my safety deposit box at Bank Corp. Appointment system is a joke — weeks to schedule, then long waits and rude, untrained staff who couldn't locate keys or paperwork. Bureaucratic demands for obscure ID, hidden fees, and only limited hours make access near-impossible. I felt they prioritized policies over customers. I will close my account and never recommend.",2025-06-23,16,6,632
"I had an awful experience at a Bank Corp branch. The teller was rude, dismissive, and clearly untrained — she bungled a simple deposit, provided no explanation, and offered no apology. Waiting was long despite few customers, and the manager was uninterested. This level of unprofessionalism at a retail branch is unacceptable. I will be closing my account.",2025-07-17,16,2,640
"Visitei a agência Bank Corp e usei o drive-thru. Esperei um pouco mais do que esperava, cerca de 10–15 minutos, mas o atendimento foi cordial e eficiente quando chegou minha vez. A equipe explicou tudo com calma e resolveu meu depósito rapidamente. Podem melhorar a agilidade nos horários de pico, mas no geral saí satisfeito.",2025-08-19,38,6,597
"Every visit to Bank Corp's local branch is outstanding thanks to their tellers. They are professional, courteous, and highly knowledgeable — quickly processing transactions, explaining options clearly, and resolving questions with patience. The service is efficient yet personalized, making banking easy and pleasant. I always leave confident my accounts are in great hands. Highly recommend Bank Corp’s in-branch team!",2025-07-12,8,4,379
"Mein Besuch in einer Bank Corp‑Filiale war insgesamt zufriedenstellend. Der Berater wirkte professionell und kompetent, erklärte Produkte verständlich und beantwortete Fragen geduldig. Die Abwicklung verlief überwiegend zügig, auch wenn die Wartezeit etwas länger war. Informationen zu Konditionen und Fristen wurden transparent vermittelt. Insgesamt hinterließ die Beratung einen sachlichen und verlässlichen Eindruck.",2025-09-05,41,6,446
"Visité la sucursal de Bank Corp y la experiencia fue decepcionante. El área de atención está descuidada: sillas rotas, iluminación deficiente y baños sucios. El cajero automático no funcionaba y había pocas señales claras para las filas, lo que generó confusión y largas esperas. Además, la accesibilidad para personas con movilidad reducida es insuficiente. Espero que mejoren el mantenimiento y la organización, porque así no inspiran confianza.",2025-06-13,36,4,22
"Tuve una buena experiencia en la sucursal de Bank Corp. La cajera fue profesional, atenta y explicó con claridad las opciones para mi cuenta. Se tomó el tiempo para resolver mis dudas y manejar la transacción sin errores. El único punto a mejorar fue la espera de unos minutos, pero el servicio compensó la espera. Salí satisfecho y volvería por la buena atención al cliente.",2025-07-04,47,6,515
"Mon expérience chez Bank Corp a été décevante. Le conseiller manquait de professionnalisme : rendez-vous souvent retardés, explications confuses sur les produits et aucun suivi après nos échanges. Malgré une agence correcte, on se sent pressé plutôt qu'écouté, et des informations contradictoires ont mis en doute leurs compétences. Espérons une meilleure formation et communication ; pour l'instant je ne recommanderais pas leurs services.",2025-07-03,50,2,483
"Absolut enttäuschend: Mein Besuch bei Bank Corp war geprägt von unprofessionellem Verhalten am Schalter. Die Mitarbeiterin war unfreundlich, desinteressiert und schlecht geschult. Lange Wartezeit, fehlerhafte Bearbeitung meiner Überweisung und keinerlei Entschuldigung oder Hilfe, als der Fehler auftrat. So ein Verhalten ist inakzeptabel — ich werde mein Konto schließen und kann diese Filiale niemandem empfehlen.",2025-09-07,36,1,109
"Ich war kürzlich in einer Filiale von Bank Corp. Der Berater war pünktlich, professionell und kannte sich mit den Produkten aus. Die Beratung war sachlich und transparent; alle Konditionen wurden erklärt. Die Bearbeitungszeit war in Ordnung, allerdings waren die Wartezeiten im Warteraum etwas länger als erwartet. Insgesamt hinterließ der Termin einen kompetenten und zuverlässigen Eindruck, ohne besondere Hervorhebungen.",2025-09-06,34,3,581
"I visited my local Bank Corp branch yesterday and was impressed by how short the wait time was. I arrived during a busy hour but was helped within minutes. The staff were friendly, organized, and service was efficient — I was in and out quickly with everything completed. Comfortable seating and clear queue updates made the experience stress-free. Highly recommend for fast in-branch service!",2025-07-10,35,6,286
"Tuve una experiencia algo positiva al acceder a la caja de seguridad en una sucursal de Bank Corp. El personal fue atento y las instalaciones se ven seguras; el proceso de verificación fue claro aunque algo lento por papeleo y horarios estrictos. Me gustó la privacidad y las medidas de seguridad, pero recomiendo mejorar la coordinación de citas para reducir la espera. En general, volvería por la confianza que transmite la sucursal.",2025-07-22,5,6,472
"Ich nutze seit kurzem ein Bankschließfach bei Bank Corp. Der Zugang war insgesamt unkompliziert: das Personal am Schalter freundlich und die Sicherheitskontrollen professionell. Die Terminvereinbarung verlief schnell, einzig die Wartezeit beim Betreten des Sicherheitsbereichs war etwas länger als erwartet. Die Räumlichkeiten sind sauber und gut gesichert, was mir ein beruhigendes Gefühl gibt. Insgesamt zufrieden mit Service und Sicherheitsstandard.",2025-08-21,27,2,204
"Très satisfait de ma visite chez Bank Corp. Malgré l'heure de pointe, l'attente à l'intérieur de l'agence a été minime — j'ai été pris en charge en moins de cinq minutes. Personnel efficace et souriant, environnement confortable. Expérience fluide et professionnelle, je recommande vivement cette agence pour des services bancaires rapides et de qualité.",2025-08-23,10,1,676
"Très satisfait(e) de mon expérience d'accès au coffre de sécurité chez Bank Corp. Le processus était simple, le personnel professionnel et discret, horaires flexibles, installation impeccable et très sécurisée. J'ai apprécié la rapidité, les procédures claires et le respect total de la confidentialité. Je recommande vivement Bank Corp pour la location et l'accès à un coffre.",2025-08-05,44,5,432
"Excelente experiencia al acceder a mi caja de seguridad en Bank Corp. El personal fue profesional y amable, la cita puntual y el proceso rápido y seguro. Las instalaciones estaban limpias y el área de bóvedas transmite confianza. Me explicaron todo claramente y me sentí completamente protegido. Sin duda, un servicio eficiente y de alta calidad — lo recomiendo ampliamente.",2025-09-09,33,1,302
"Très satisfait de ma visite chez Bank Corp. Le personnel du guichet était incroyablement professionnel, courtois et efficace. Il a expliqué clairement chaque étape, répondu à toutes mes questions et réglé mon dossier rapidement. L'ambiance en agence était accueillante et le service remarquable. Je recommande vivement Bank Corp pour la qualité et le professionnalisme de ses équipes en agence.",2025-08-19,42,6,440
"Visitei a agência do Bank Corp e fiquei desapontado com as condições das instalações. Sala de espera com cadeiras desconfortáveis e poucas tomadas, ar-condicionado parecia ruim e o ambiente estava mal iluminado. Banheiro sujo e sinalização confusa tornam a experiência estressante. Os funcionários foram educados, mas o local claramente precisa de manutenção e limpeza regulares. Para um banco grande, esperava mais cuidado com o espaço físico.",2025-09-09,14,4,102
"Terrible drive-thru experience at Bank Corp. Waited 30+ minutes with only two cars served ahead, staff moving at a glacial pace and no explanation or apology. Management seemed oblivious; no signage about delays or offer to help inside. Completely unacceptable for a bank — wasted my lunch break and patience. I’ll take my business elsewhere until they fix this.",2025-08-28,49,5,34
Adorei o atendimento no drive-thru do Bank Corp. Cheguei e fui atendido imediatamente — sem filas e com eficiência impressionante. O funcionário foi educado e resolutivo; processo rápido que salvou meu tempo. Recomendo a unidade para quem precisa de serviço bancário ágil e cordial.,2025-08-20,9,5,347
"I visited a Bank Corp branch last week. The wait time inside the branch was a bit longer than I'd hoped—about 20 minutes during mid-afternoon—but the staff were attentive and resolved my issue quickly. The branch was clean and organized, and the teller was friendly and efficient. Overall, not perfect, but a positive experience; I'll return, though I’ll try to avoid peak hours.",2025-08-30,50,4,320
"Die Filiale von Bank Corp ist insgesamt sauber, hell und modern eingerichtet. Die Schalter- und Selbstbedienungsbereiche sind gut strukturiert, das Personal wirkt professionell. Positiv sind auch ausreichende Automaten und barrierefreier Zugang. Einziger kleiner Kritikpunkt: Im Wartebereich könnten mehr Sitzplätze und deutliche Beschilderungen helfen. Insgesamt fühle ich mich hier wohl und komme gern wieder.",2025-08-06,35,2,279
"Visitei a agência da Bank Corp para um depósito e fui atendido por um caixa com pouca atenção e profissionalismo. Atendimento demorado, respostas evasivas e falta de cortesias básicas tornaram a experiência frustrante. O caixa cometeu um erro no comprovante e não se mostrou disponível a corrigir com rapidez. Esperava mais de uma instituição financeira; recomendo melhor treinamento da equipe para tratar clientes com mais eficiência e respeito.",2025-07-26,11,1,40
"I used Bank Corp's drive-thru yesterday. The teller was polite and handled my transaction correctly, but the wait time was longer than I expected — about 10 minutes with two cars ahead. Consider adding staff during peak times to improve efficiency. Overall service was satisfactory despite the delay.",2025-08-20,9,1,2
"J'ai eu une bonne expérience à Bank Corp. Mon conseiller était professionnel, à l'écoute et a expliqué clairement les produits et frais. L'accueil en agence était chaleureux et le rendez-vous respectait l'horaire. J'apprécie le suivi par email après la visite. Quelques formalités ont pris un peu de temps, mais globalement je suis plutôt satisfait et recommanderais Bank Corp pour un accompagnement bancaire sérieux.",2025-08-05,5,2,561
"Terrible experiencia intentando acceder a la caja de seguridad de Bank Corp. Me hicieron esperar horas, el personal fue grosero y evasivo, y al final me negaron el acceso por una política confusa. Instalaciones descuidadas y sin soluciones. No volveré ni recomendaré sus servicios.",2025-08-22,46,5,666
"Visitei a agência da Bank Corp e o tempo de espera dentro da agência foi um pouco longo, mas razoável. Os funcionários foram prestativos, profissionais e resolveram meu atendimento com eficiência. Ambiente organizado e processo claro. Voltaria, só esperaria diminuir um pouco a fila em horários de pico.",2025-08-05,24,1,582
"Expérience très décevante chez Bank Corp. J'ai attendu 45 minutes à l'intérieur de la succursale sans informations ni excuses ; le personnel semblait débordé et peu concerné. Le système d'organisation est chaotique, aucune signalisation claire ni prise en charge. Perte de temps inacceptable pour une banque. Je n'y remettrai plus les pieds.",2025-08-21,40,4,341
"Expérience mitigée avec Bank Corp : le conseiller de l'agence locale manquait de professionnalisme, réponses évasives, a semblé pressé et peu attentif à mes besoins. Temps d'attente long et démarches peu claires; j'ai dû revenir plusieurs fois pour obtenir des documents corrects. Points positifs : agence propre et horaires pratiques, mais le manque de rigueur du personnel m'a déçu. Je cherche une banque plus réactive et transparente.",2025-08-09,32,4,504
"Experiência péssima no drive-thru do Bank Corp. Esperei mais de 25 minutos com o carro parado, sem explicação ou desculpas da equipe. Falta de organização e desprezo pelo tempo do cliente. Funcionários aparentemente despreparados e sem supervisão. Atendimento lento e ineficiente — não volto e não recomendo.",2025-07-18,41,2,216
"La espera dentro de la sucursal fue razonable; tuve que esperar alrededor de 15 minutos antes de ser atendido. El personal fue atento y eficiente una vez iniciado el servicio, aunque la fila avanzó lentamente. El espacio de espera estaba limpio y con asientos suficientes. En general la experiencia fue aceptable, pero podría mejorar la rapidez en horas de mayor afluencia.",2025-07-24,14,1,645
"L'agence est généralement propre et bien entretenue, avec un agencement lumineux et du mobilier confortable. Les distributeurs et toilettes sont soignés et l'entretien semble régulier. En revanche la signalisation pour les services pourrait être plus claire et l'espace d'attente devient étroit aux heures de pointe. Globalement une bonne impression, quelques petits ajustements rendraient l'expérience encore meilleure.",2025-06-22,41,2,185
"Visité une agence Bank Corp la semaine dernière. L'accueil était poli, mais les conditions de l'établissement laissent à désirer : salle d'attente mal entretenue, chaises abîmées, climatisation défaillante et toilettes sales. L'ATM était hors service et la signalisation confuse. Difficultés d'accessibilité pour poussettes et personnes à mobilité réduite. Espère une amélioration rapide, car cela nuit à la confiance.",2025-06-30,33,5,15
"Expérience décevante chez Bank Corp. La guichetière semblait pressée, peu professionnelle et peu attentive à ma demande. Temps d'attente long malgré peu de clients, erreurs dans les documents et aucune explication claire. J'ai dû revenir pour corriger une opération. Service au comptoir à améliorer : politesse et compétence insuffisantes pour conserver ma confiance.",2025-07-27,15,2,155
"La atención en Bank Corp fue profesional; el asesor conocía los productos y explicó opciones claramente. Hubo puntualidad en la cita y el trámite se completó sin contratiempos. Sin embargo, esperaba más proactividad en ofrecer alternativas personalizadas y la comunicación de seguimientos podría mejorar. En general, experiencia correcta, recomendable con reservas.",2025-09-03,19,2,439
"Tive uma experiência positiva na agência do Bank Corp. O assessor foi profissional, atencioso e explicou claramente as opções de conta e investimentos. A equipe mostrou conhecimento e solucionou minhas dúvidas com paciência. O atendimento presencial foi eficiente, embora a espera pudesse ser um pouco menor em horários de pico. No geral, recomendo pelo bom serviço e pela postura profissional dos funcionários.",2025-06-24,21,5,65
"Der/die Schaltermitarbeiter/in in der Bank Corp-Filiale wirkte fachkundig und professionell. Mein Anliegen wurde zügig bearbeitet und die Auskünfte waren sachlich und verständlich, wenn auch knapp. Keine besonderen Extras, aber eine zuverlässige und routinierte Abwicklung. Insgesamt eine neutrale, ordentliche Erfahrung.",2025-07-29,28,4,147
"Expérience exécrable au drive de Bank Corp. J'ai attendu plus de 20 minutes sans aucune communication ni excuse — le personnel semblait indifférent. Pour une banque avec des agences de détail, c'est inacceptable et irrespectueux envers les clients. Service lent, mal organisé, je ne reviendrai pas et déconseille fortement.",2025-08-26,3,5,275
"I had an outstanding experience at Bank Corp today. The teller was professional, friendly, and extremely efficient—answered all my questions, explained fees clearly, and completed my transaction promptly. They made a potentially stressful process effortless and exceeded my expectations. Exceptional service; I'll definitely return.",2025-08-19,12,1,653
"I had an outstanding experience with my advisor at Bank Corp. They were professional, highly knowledgeable, and took the time to explain options clearly. Their attention to detail, proactive guidance, and timely follow-up made complex decisions feel manageable. Friendly, efficient, and trustworthy—this banker exceeded my expectations and made banking simple. I highly recommend them to anyone seeking expert, professional service.",2025-07-19,36,1,643
"I visited Bank Corp to access my safety deposit box. The process required an appointment, photo ID, and signature verification; staff handled the steps efficiently. The vault area was secure and clean, though limited weekend hours made scheduling inconvenient. Fees and policies were explained clearly. Overall the experience was straightforward and professional, with room for improved appointment flexibility.",2025-08-31,9,4,449
"J'ai eu une expérience globalement positive au guichet de Bank Corp en agence. Le personnel au guichet était professionnel, efficace et patient, expliquant clairement chaque étape et répondant à mes questions. L'attente était raisonnable et le service personnalisé m'a mis en confiance. Petit point à améliorer : une meilleure signalisation des files serait bienvenue.",2025-07-15,2,3,207
"Excelente experiencia en Bank Corp. La cajera de la sucursal fue extremadamente profesional, eficiente y amable. Me explicó con claridad todas las opciones, resolvió mis dudas rápidamente y manejó la transacción con precisión. Me sentí valorado y confiado. Sin duda volveré por su atención tan competente.",2025-06-27,43,6,289
"Mon expérience dans une agence Bank Corp s'est déroulée de manière neutre et satisfaisante. Le/la guichetier(ère) a fait preuve de professionnalisme: accueil poli, explications claires des opérations et respect des procédures. La transaction a été traitée efficacement, sans erreurs visibles, et les délais d'attente étaient raisonnables. Rien d'extraordinaire, mais le service était conforme à mes attentes.",2025-06-25,4,6,184
"La atención del cajero fue profesional y cortés. Explicó los procedimientos con claridad y resolvió mi gestión sin errores. La espera fue algo prolongada, pero el trato compensó la demora. En general una experiencia correcta; sugeriría agilizar los tiempos de fila.",2025-08-12,33,1,502
"Avoid Bank Corp. I went to the branch for a simple deposit and ended up waiting over an hour with barely any staff attention. Lines were slow, only one teller working, and employees seemed indifferent. This wait time inside the branch was unacceptable and a complete waste of my time. I won't be coming back unless they drastically improve staffing and customer service.",2025-07-29,41,2,343
"Experiência péssima com um gerente na agência da Bank Corp. Atendimento desleixado, sem atenção, informações contraditórias e erros em documentos. O assessor mostrou desconhecimento dos produtos, foi impaciente e nada proativo para resolver problemas. Perdi tempo e paciência; não recomendo — falta profissionalismo e respeito com clientes.",2025-08-18,10,4,58
"Visité una sucursal de Bank Corp y la atención del asesor fue deficiente: actitud fría, falta de profesionalismo y explicaciones confusas. El trámite tardó más de lo esperado y no cumplieron el seguimiento prometido. Cuando pregunté sobre comisiones y opciones, no supieron responder con claridad. Esperaba mayor competencia y cortesía de un banco establecido; la experiencia fue frustrante y me dejó dudas sobre volver.",2025-06-13,3,4,401
"J'utilise souvent le service au guichet drive de Bank Corp et, dans l'ensemble, l'attente est raisonnable. Le personnel est poli et efficace, ce qui compense un délai parfois un peu long aux heures de pointe. Un ajout d'une file dédiée ou d'un employé supplémentaire le matin améliorerait l'expérience. Je recommande pour la commodité, malgré ces petites attentes.",2025-08-17,4,1,668
"J'ai récemment visité une agence Bank Corp. Les locaux sont généralement propres, bien éclairés et faciles d'accès, avec des automates fonctionnels. La salle d'attente est confortable mais quelques sièges commencent à montrer des signes d'usure et la signalisation interne pourrait être plus visible. Le personnel est accueillant et le service rapide, ce qui compense ces petits détails. Dans l'ensemble, conditions satisfaisantes, mais une rénovation légère améliorerait l'expérience.",2025-08-11,34,4,663
"I had an excellent experience at Bank Corp. My banker was exceptionally professional, attentive, and knowledgeable. They explained options clearly, answered all my questions, and helped set up accounts and a financial plan tailored to my needs. The branch was welcoming and efficient — service was prompt and personalized. I left feeling confident and well cared for. Highly recommend Bank Corp for anyone seeking professional, friendly banking advice.",2025-07-03,22,4,361
"I recently visited Bank Corp to access my security deposit box and was extremely impressed. The appointment was easy to schedule, the front-line staff were professional and courteous, and the vault area was spotless, secure, and private. The check-in and ID process was quick, and I left feeling confident my valuables are safe. Outstanding service — highly recommend Bank Corp.",2025-08-31,13,5,113
"I visited the Bank Corp branch on Main Street. The lobby was generally clean and well-lit, with clear signage and a functioning wheelchair ramp. Seating was limited during peak times and one of the public restrooms appeared in need of minor repairs (loose soap dispenser). Temperature control was inconsistent; it felt warm near the windows. Staff kept the area tidy. Overall the facility is adequate, but improving seating and restroom maintenance would enhance the customer experience.",2025-07-30,46,1,174
"Die Beratung bei Bank Corp entsprach leider nicht meinen Erwartungen. Der Berater wirkte unvorbereitet, gab widersprüchliche Informationen und ging kaum auf meine Fragen zu Gebühren und Produkten ein. Termine wurden verschoben, Nachfragen blieben teilweise unbeantwortet. Insgesamt fehlte mir Professionalität und klare Kommunikation. Ich hoffe auf Verbesserungen, sehe mich aber nach alternativen Anbietern um.",2025-07-13,30,4,572
"A espera dentro da agência do Bank Corp foi um pouco longa, cerca de vinte minutos, mas o atendimento compensou. Os funcionários foram atenciosos e resolveram meu problema com eficiência. Ambiente limpo e organizado. Voltarei, mas espero que o tempo de espera melhore.",2025-08-31,37,3,317
"Tuve una experiencia excelente al acceder a la caja de seguridad en la sucursal de Bank Corp. Reservé cita en línea, el personal fue muy amable y profesional, y las instalaciones estaban limpias y seguras. Me explicaron todo con claridad, el acceso fue rápido y totalmente confidencial. Me sentí tranquilo y bien atendido; sin duda recomiendo este servicio a quien necesite seguridad y eficiencia.",2025-07-21,29,5,566
"Usei a caixa de segurança do Bank Corp recentemente. A agência é bem segura e o processo de identificação foi rigoroso — me senti tranquilo. Os funcionários foram atenciosos e prestativos. Só achei o horário de atendimento limitado e esperei alguns minutos, mas no geral foi uma experiência positiva e confiável.",2025-08-20,25,4,109
"La espera dentro de la sucursal de Bank Corp fue razonable, no tuve que esperar demasiado. El personal fue atento y eficiente, lo que compensó cualquier demora. Me atendieron con profesionalismo y resolvieron mis dudas rápidamente. Sólo sugiero un letrero con tiempos estimados, pero en general salí satisfecho y volvería.",2025-08-06,51,4,559
"Ich war kürzlich in einer Bank Corp-Filiale und war enttäuscht von der Professionalität der Mitarbeiterin am Schalter. Die Bedienung wirkte genervt, gab nur knappe Auskünfte und erklärte Abläufe nicht nachvollziehbar. Auf Rückfragen reagierte sie ungeduldig, und der Vorgang zog sich unnötig in die Länge. Insgesamt erwarte ich bei einer Bank mehr Freundlichkeit und klare Informationen.",2025-06-26,28,6,358
"I visited my local Bank Corp branch and waited about 20 minutes before being helped. Staff were professional and helpful once called, but the queue moved slowly during peak hours. Adding another teller or improving queue management would reduce wait times. Overall acceptable, but service efficiency could be improved.",2025-07-11,14,2,17
Terrible experiencia en Bank Corp. Esperé 25 minutos en el drive-thru mientras el personal charlaba y atendía mal a otros clientes. Ineficientes y sin sentido de urgencia; inaceptable para un banco. No volveré y no lo recomiendo.,2025-08-23,2,6,20
"Les agences Bank Corp sont impeccables : locaux modernes, propres et bien entretenus. L'accueil se fait dans un espace confortable, lumineux et climatisé, avec des sièges suffisants et une confidentialité appréciable pour les entretiens. L'accès pour personnes à mobilité réduite et le parking facilitent les visites. Je suis très satisfait de la qualité des installations — un environnement agréable et professionnel.",2025-09-12,5,3,145
"Mi experiencia en las sucursales de Bank Corp fue muy mala. El asesor mostró falta total de profesionalismo: llegó tarde, fue grosero, me dio información contradictoria y no resolvió nada. No hubo seguimiento ni respuestas claras, solo trámites interminables y desinterés. Perder tiempo y dinero por este servicio es inaceptable. No recomiendo Bank Corp para servicios bancarios; buscaré otra entidad más seria.",2025-06-22,49,3,469
"Minha experiência ao acessar o cofre (caixa de segurança) no Bank Corp foi boa, com atendimento cordial e ambiente seguro. A entrada foi rápida e as instalações bem conservadas. Só achei o horário de atendimento um pouco restrito, o que exigiu agendamento. No geral senti confiança e voltaria quando necessário.",2025-09-05,31,2,635
"Mi experiencia con Bank Corp para acceder a mi caja de seguridad fue horrenda. Me hicieron esperar más de una hora, el personal fue grosero y los trámites interminables; además extraviaron la llave y me cobraron una tarifa ridícula por arreglos. La sucursal no respondió a mis quejas y me dejaron sin acceso a documentos importantes. Servicio inaceptable, poco profesional y completamente inseguro. No volveré ni lo recomiendo.",2025-07-02,12,2,46
"J'ai visité le drive-thru de Bank Corp. L'attente a été plus longue que prévu, surtout aux heures de pointe, mais le personnel est resté professionnel et les opérations ont été traitées correctement. Un ajustement du flux au drive pourrait réduire les délais. Expérience globalement neutre et acceptable.",2025-06-14,10,5,189
"I visited Bank Corp's downtown branch last week. The lobby was clean, bright, and well-organized, with comfortable seating and clear signage to guide customers. The ATMs and teller counters looked modern and well-maintained. I did notice the restroom could use a deeper clean and the parking lot has a few potholes, but staff kept things running smoothly. Overall a pleasant environment for banking.",2025-09-01,9,6,119
"Horrível experiência na agência do Bank Corp. Esperei mais de 45 minutos sem ser chamado, funcionários indiferentes, falta de organização e nenhuma explicação. Serviço ineficiente e desrespeitoso com o tempo dos clientes. Não recomendo e não voltarei.",2025-06-29,35,2,445
"Mon expérience avec Bank Corp a été décevante. À la succursale locale, le conseiller semblait pressé et manquait de professionnalisme: réponses évasives, informations contradictoires et délais de traitement longs. Le personnel était poli mais peu investi, ce qui rend les démarches frustrantes. Je conseille de vérifier tout par écrit avant de signer.",2025-08-04,19,4,459
"Expérience catastrophique chez Bank Corp. J'ai attendu plus de 45 minutes à l'intérieur sans aucune information ni excuse, l'agence visiblement en sous-effectif. Le personnel semblait indifférent et pressé. Inacceptable pour une banque — je ne recommande pas et je change d'établissement immédiatement.",2025-06-28,1,6,134
"Visité una sucursal de Bank Corp. Las instalaciones están en general bien mantenidas: pisos limpios, iluminación adecuada y aire acondicionado funcionando. La sala de espera tiene asientos suficientes y los cajeros automáticos operativos. La señalización es clara y la accesibilidad para personas con movilidad reducida está presente, aunque el baño podría estar más limpio. En general, condición aceptable con pequeños detalles por mejorar.",2025-07-31,49,6,472
"Mein kürzlicher Besuch in einer Bank Corp-Filiale war enttäuschend. Die Schalterkraft wirkte unerfahren und konnte einfache Fragen zu Überweisungen und Gebühren nicht klar beantworten. Lange Wartezeit, unaufmerksame Beratung und kleinere Fehler bei Dokumenten. Erwartete professionelleren Service von Bank Corp. Hoffe auf bessere Schulung des Personals.",2025-06-29,32,6,638
"Die Filiale von Bank Corp ist insgesamt angenehm: sauber, gut beleuchtet und barrierefrei erreichbar. Wartebereiche sind komfortabel und die Ausstattung funktional. Einziger Minuspunkt ist die Klimatisierung, die in Stoßzeiten schwächer wirkt, und einige abgenutzte Sitzplätze. Die Schalterbereiche sind modern und die Beschilderung klar. Insgesamt fühle ich mich willkommen und würde die Filiale weiterempfehlen, wenn kleinere Wartungsarbeiten regelmäßig vorgenommen werden.",2025-06-28,48,1,116
"Absolutamente indignado con Bank Corp. El tiempo de espera en el drive-thru fue ridículo: más de 25 minutos sin explicación, solo una ventanilla abierta y personal visible pero lento. Llegué con prisa y salí perdiendo el día. Atención deficiente y sin disculpas. No vuelvo y no recomiendo este lugar.",2025-09-12,10,3,679
"Experiencia terrible en la sucursal de Bank Corp. La cajera fue grosera, indiferente y mostró falta total de profesionalismo: me atendió con mala actitud, cometió errores en la transacción y no ofreció disculpas ni solución. Hice fila larga y me fui más frustrado que al entrar. No recomiendo esta sucursal hasta que cambien el servicio al cliente; buscaré otro banco.",2025-07-26,48,1,613
"Mi experiencia con Bank Corp en sus sucursales fue excelente. El asesor fue muy profesional, atento y claro; explicó las opciones y resolvió mis dudas con rapidez. Sentí que mis necesidades financieras fueron tomadas en serio y atendidas con honestidad y eficiencia. Las instalaciones son cómodas y el servicio puntual. Recomiendo Bank Corp por su gran experiencia y profesionalismo.",2025-08-20,15,6,91
"Minha experiência na agência do Bank Corp foi deplorável. O gerente foi arrogante, despreparado e deu informações contraditórias sobre meu empréstimo. Perdi tempo com promessas vazias, atendimento lento e sem follow-up. Falta de profissionalismo e transparência. Saí mais confuso e prejudicado. Não recomendo esta agência a ninguém.",2025-07-22,14,1,593
"Meine Erfahrung beim Zugriff auf mein Sicherheitsschließfach bei Bank Corp war enttäuschend. Die Terminvergabe dauerte Wochen, die Filiale hatte wechselnde Öffnungszeiten und vor Ort waren die Mitarbeiter wenig hilfsbereit. Ich musste mehrmals mit Dokumenten zurückkommen und fühlte mich weder gut informiert noch sicher. Für einen bezahlten Service erwarte ich deutlich bessere Organisation und Kommunikation. Würde es so nicht empfehlen.",2025-07-31,14,3,354
"J'ai visité une agence de Bank Corp récemment. Le guichetier était professionnel et compétent, a traité ma demande efficacement mais sans être particulièrement chaleureux. Les explications fournies étaient claires et les procédures respectées. Le service était correct, sans moment marquant ni défaut majeur. Globalement, une expérience fonctionnelle et professionnelle, conforme à ce que j'attendais d'une agence de banque.",2025-07-15,20,4,392
"Die Filiale von Bank Corp ist eine Katastrophe: dreckiger Eingangsbereich, kaputte Sitzgelegenheiten, defekte Klimaanlage und schlechte Beleuchtung. Zugänge sind unzugänglich für Rollstuhlfahrer, Beschilderung fehlt, Geldautomat oft außer Betrieb. Warteschlangen bilden sich wegen zu weniger Schalter, Sicherheits- und Privatsphäre-Mängel. Das Personal wirkt überfordert. In diesem Zustand ist die Filiale unbrauchbar – ich werde woanders hingehen und kann sie niemandem empfehlen.",2025-08-02,39,1,686
"Visitei uma agência do Bank Corp para abrir conta e solicitar assessoria financeira. O gerente foi muito profissional, explicou opções com clareza e demonstrou experiência em soluções para meu perfil. Gostei da cortesia e da atenção aos detalhes. Houve um pequeno atraso no atendimento, mas no conjunto fiquei satisfeito com o serviço. Recomendo para quem busca orientação confiável, com equipe capacitada.",2025-07-19,38,4,596
"Mi experiencia con el asesor de Bank Corp fue profesional y adecuada. El personal demostró conocimientos y respondió a mis preguntas con claridad. Los procesos en la sucursal se realizaron de forma correcta, aunque hubo un tiempo de espera moderado. En general, la atención fue competente y eficiente, sin detalles sobresalientes ni problemas importantes.",2025-07-21,10,2,537
"Visitei a agência do Bank Corp recentemente. As instalações são funcionais e relativamente limpas, com iluminação adequada e cadeiras suficientes na sala de espera. Notei sinais de desgaste em alguns móveis e a sinalização poderia ser mais clara para orientações. A acessibilidade para cadeiras de rodas existe, mas o espaço fica apertado em horários de pico. Em geral, atende às necessidades básicas.",2025-07-01,27,4,25
"Minha experiência com acesso à caixa de segurança na agência do Bank Corp foi frustrante. Marcação difícil, horário reduzido e funcionários pouco informados. Pediram documentos extras na hora e demorei mais de uma hora esperando sem explicações. O sistema parece antiquado e cobram taxas altas sem transparência. Esperava mais eficiência e atenção de um banco grande.",2025-09-12,9,3,104
"Ich bin begeistert von Bank Corps Drive-Thru! Die Wartezeit ist extrem kurz, selbst zur Stoßzeit war ich in wenigen Minuten bedient. Das Personal ist freundlich, kompetent und arbeitet sehr effizient. Einfache Abwicklung von Ein- und Auszahlungen direkt im Auto – perfekt für meinen hektischen Alltag. Vorbildlicher Service, den ich jederzeit weiterempfehle.",2025-09-09,13,6,174
"Ich war kürzlich in einer Filiale von Bank Corp und beeindruckt: Die Wartezeit war minimal, kaum zehn Minuten. Das Personal begrüßte mich freundlich, die Abläufe waren strukturiert und effizient. Sitzgelegenheiten und digitale Anzeige machten das Warten angenehm. Sehr guter Service — so macht Bankgeschäft Spaß! Ich komme gerne wieder.",2025-09-09,48,4,145
"Visité la sucursal de Bank Corp con drive-thru y la espera fue excesiva. Estuve más de 20 minutos en fila y el personal parecía desbordado; solo una ventanilla abierta en hora pico. Esperaba atención rápida para operaciones sencillas, pero fue lento y frustrante. Decepcionado por la falta de organización; deberían abrir más carriles o mejorar la gestión de turnos.",2025-08-19,41,1,20
"Visite à une agence Bank Corp. Le guichetier était professionnel, poli et compétent; il a traité ma demande rapidement et expliqué les options sans empressement. Le temps d'attente était raisonnable et le service conforme à mes attentes. Une expérience satisfaisante, ni exceptionnelle ni décevante.",2025-07-18,21,2,411
"Die Wartezeit in der Filiale von Bank Corp war akzeptabel – etwa 15 Minuten am Vormittag. Das Personal war freundlich und effizient, sodass die Zeit schnell verging. Ein paar mehr Sitzplätze wären schön, aber insgesamt guter Service und ich komme gerne wieder.",2025-07-15,44,1,582
"Très déçu par Bank Corp : attente excessive en agence. J'ai attendu plus de 30 minutes malgré un rendez-vous pris, avec peu d'agents disponibles. L'accueil mal organisé et aucune information sur le délai. Le personnel a été professionnel, mais le temps d'attente reste inacceptable.",2025-06-19,14,2,638
"Tuve una experiencia decepcionante con Bank Corp en una sucursal local. El asesor mostró falta de profesionalismo y parecía tener poco conocimiento sobre los productos; sus respuestas fueron vagas y no resolvieron mis dudas. Además tardé demasiado en ser atendido y no recibí seguimiento tras dejar documentos. Espero que mejoren la capacitación y el trato al cliente, porque la experiencia fue frustrante y poco profesional.",2025-07-28,30,4,620
"Visité una sucursal de Bank Corp y la espera dentro fue frustrante. A pesar de tener cita, esperé más de 25 minutos para ser atendido; había solo dos ventanillas abiertas y el personal parecía desbordado. El servicio al final fue correcto, pero el tiempo de espera me dejó una mala impresión. Mejoren la organización, por favor.",2025-06-22,7,2,521
"I visited Bank Corp's drive-thru today. Wait was a bit longer than I'd like — about 10 minutes — but staff were friendly and efficient once I reached the window. Transactions were handled quickly and accurately. Would appreciate faster service during peak times, but overall a pleasant experience and I’ll keep coming back.",2025-06-18,22,2,165
"Die Filiale von Bank Corp erfüllt die grundlegenden Bedingungen einer Bankfiliale. Gebäude und Schalterbereiche sind sauber und gut instand gehalten, die Beschilderung könnte jedoch an einigen Stellen klarer sein. Sitzgelegenheiten sind ausreichend vorhanden, die Beleuchtung ist angenehm. Barrierefreiheit ist teilweise gegeben (Zugang ohne Stufen, aber Automaten teils hoch angebracht). Wartemarken-System funktioniert, Wartezeiten waren durchschnittlich. Insgesamt befriedigend.",2025-07-16,23,3,593
"Terrible facility. Branch is filthy, sticky floors, overflowing trash, broken ATM with taped-on screen, flickering lights, uncomfortable torn chairs, and a foul-smelling restroom that's never cleaned. Signage is faded, ramps and counters poorly maintained. Completely unacceptable for a bank — I will take my business elsewhere until they fix these basic sanitation and safety problems.",2025-09-01,19,6,318
"I visited Bank Corp last week for mortgage advice. My advisor was professional, knowledgeable, and explained options clearly, answering my questions patiently. I appreciated the follow-up calls and straightforward paperwork. The only downside was a longer-than-expected wait at the branch. Overall, a positive experience — competent advisor and solid guidance. I would return for future needs but hope in-branch wait times improve.",2025-06-14,25,6,79
"I visited Bank Corp to discuss refinancing and was pleased with the advisor’s professionalism and clear explanations. They listened to my goals, walked me through options, and followed up promptly with paperwork. The branch felt organized and staff were courteous. My only minor gripe was a short wait time, but overall the experience gave me confidence in their expertise. I’d recommend this location for straightforward, professional banking advice.",2025-08-29,30,5,630
"I visited Bank Corp to access my security deposit box. The branch was clean and secure, and the staff guided me through the identity checks and procedures efficiently. The private vault room felt safe and the attendant was professional and courteous. The only drawback was a short wait due to appointments, but overall the process was smooth and reassuring. I’d use their facility again.",2025-08-21,3,4,143
"Tive uma experiência excelente na Bank Corp. A atendente foi extremamente profissional, eficiente e atenciosa, explicou tudo com clareza e resolveu meu problema rapidamente. Atendimento cordial, sem pressa, com competências e paciência. Saí muito satisfeito(a) e recomendo a agência para quem busca atendimento humano e competente.",2025-06-27,30,1,237
"Très satisfait du temps d'attente au drive de Bank Corp. En arrivant, j'ai été pris en charge rapidement; transaction efficace et personnel souriant. Aucune attente inutile, idéal quand on est pressé. Je recommande vivement ce service pour sa rapidité et son professionnalisme.",2025-06-23,12,3,594
"Bei meinem letzten Besuch in der Bank Corp-Filiale war die Mitarbeiterin am Schalter sehr professionell und kompetent. Sie beantwortete meine Fragen geduldig, erklärte Konditionen klar und erledigte die Transaktion zügig. Freundlichkeit und Fachwissen haben einen guten Eindruck hinterlassen. Einziger kleiner Kritikpunkt: die Wartezeit war etwas länger als erwartet. Insgesamt zufrieden, würde die Filiale wieder aufsuchen.",2025-08-18,11,3,488
"Siempre que voy al drive-thru de Bank Corp el tiempo de espera es sorprendentemente corto. En minutos estoy atendido, el personal es eficiente y muy amable, y las transacciones se realizan sin contratiempos. Me encanta lo conveniente que es para mis asuntos bancarios. Muy recomendable.",2025-07-29,6,4,364
"J'ai visité une agence de Bank Corp récemment. Le/la guichetier(ère) était professionnel(le), courtois(e) et a traité ma demande efficacement. Les explications étaient claires, même si l'attente a été un peu longue. Globalement expérience satisfaisante côté compétence et professionnalisme, avec toutefois une marge d'amélioration sur la rapidité.",2025-08-21,21,2,679
"Ich war kürzlich in einer Bank Corp Filiale. Die Wartezeit im Inneren betrug etwa 20 Minuten; es gibt ein Ticketsystem, das einigermaßen funktioniert. Sitzmöglichkeiten und Informationsmaterial waren vorhanden. Das Personal war freundlich, aber aufgrund des Andrangs dauerte die Bearbeitung länger als erwartet. Insgesamt in Ordnung, jedoch besteht Raum für kürzere Wartezeiten.",2025-09-05,4,6,530
"I had a positive experience with a Bank Corp advisor at my local branch. The banker was professional, knowledgeable, and took time to explain account options and fees in plain language. They answered all my questions, followed up promptly, and made the process straightforward. My only small gripe was a short wait time for the appointment. Overall, I felt well cared for and would recommend this branch for trusted, professional advice.",2025-07-07,14,1,614
"Visité una sucursal de Bank Corp recientemente. La cajera fue profesional y eficiente; respondió a mis preguntas con claridad y procesó mi operación sin demoras. El trato fue correcto y cordial, aunque el tiempo de espera fue algo variable. En general, experiencia satisfactoria por la competencia del personal en operaciones rutinarias.",2025-08-27,9,5,428
"Mein Besuch in der Bank Corp-Filiale enttäuschte. Die Schalterkraft wirkte unsicher und überfordert, brauchte ungewöhnlich lange für einfache Vorgänge und erklärte die Schritte nur oberflächlich. Freundlichkeit war vorhanden, doch die Professionalität ließ deutlich zu wünschen übrig. Lange Wartezeiten verschärften das Gefühl von Unorganisiertheit. Hoffe auf bessere Schulung und Serviceverbesserung.",2025-08-09,13,2,493
"Ich habe kürzlich bei Bank Corp in einer Filiale ein Schließfach genutzt. Terminvereinbarung und Identitätsprüfung liefen reibungslos, die Sicherheitskontrollen sind streng, wodurch die Privatsphäre gewährleistet war. Das Personal war sachlich und effizient, die Räumlichkeiten sauber, allerdings sind die Gebühren und Öffnungszeiten etwas restriktiv. Insgesamt funktionierte der Zugang zuverlässig, ohne besondere Vorkommnisse.",2025-07-14,31,4,395
"La sucursal de Bank Corp tiene instalaciones descuidadas: asientos incómodos, baños sucios y señalización confusa. El aire acondicionado parece no funcionar bien y el cajero automático estuvo fuera de servicio. Además, la sala de espera es pequeña y falta privacidad en las ventanillas. Esperaba más limpieza y mantenimiento de un banco grande; deberían invertir para mejorar la experiencia del cliente.",2025-09-03,15,4,577
"Visité la sucursal de Bank Corp y mi experiencia con la cajera fue decepcionante. Fue poco profesional: tardó en atenderme, pareció distraída y no me explicó claramente las opciones. Al final la transacción se hizo, pero me fui con dudas y frustración. Espero que mejoren la formación del personal; se valora más eficiencia y un trato más atento.",2025-06-19,46,6,326
"Extrêmement déçu par l'état des agences Bank Corp. Saleté omniprésente, sièges déchirés et distributeurs automatiques souvent hors service. Éclairage faible, climatisation inexistante, toilettes sales et odeurs désagréables. Files d'attente mal organisées et personnel débordé, on se sent en insécurité. Aucune maintenance visible, accès handicapés mal aménagé. Inacceptable pour une banque prétendant offrir un service professionnel. Je ne recommande pas et j'éviterai ces agences.",2025-07-13,18,2,421
"Visited Bank Corp to access my safety deposit box. I had an appointment and the front-desk staff checked my ID and paperwork promptly. A bank employee escorted me to the vault area; access required signing in and using the box key. The process was straightforward but a bit slow due to other customers. Hours are standard business hours, so plan accordingly. Fees and policies were explained upon request. Overall, a routine and professional experience.",2025-07-22,28,6,644
"La fila del drive-thru en Bank Corp suele ser demasiado larga y el tiempo de espera inaceptable. He esperado más de 15 minutos varias veces; aunque el personal es amable, parecen desbordados y lentos. Necesitan mejorar la organización y añadir más ventanillas durante las horas pico. Si no mejoran, consideraré ir a otra sucursal.",2025-09-03,41,4,2
"I had an outstanding experience with Bank Corp—my advisor was professional, knowledgeable, and genuinely attentive. They guided me through options clearly, answered every question, and made complex decisions feel easy. The branch staff were courteous and efficient; appointments started on time and paperwork was seamless. I felt respected and confident in their advice. Highly recommend this Bank Corp team for anyone seeking expert, friendly banking support.",2025-08-08,4,4,208
"Expérience très négative avec Bank Corp. Le conseiller a montré un manque total de professionnalisme : impoli, peu compétent et sans aucune responsabilité. Mes demandes ont été ignorées, les délais non respectés et des erreurs ont été faites sur mon dossier sans excuse ni solution. Service lent, communication inexistante. À éviter pour un service bancaire sérieux.",2025-07-28,35,6,240
"Visite à une agence Bank Corp. Le guichetier était professionnel et ponctuel; il a traité ma transaction correctement et a fourni des explications claires sur les frais et les options. L'attente était raisonnable et le service discret. Aucun problème rencontré, mais rien d'exceptionnel non plus. Expérience conforme aux attentes pour des opérations courantes.",2025-07-27,21,6,16
"I had an excellent experience accessing my security deposit box at Bank Corp. The branch staff were professional and walked me through the procedures, the appointment was punctual, and the vault area was clean and clearly secure. Retrieval was quick and efficient; I felt my belongings were well-protected. Highly recommend Bank Corp for reliable safety deposit services.",2025-09-01,33,5,435
"J'ai utilisé le service drive de Bank Corp. L'attente a duré environ 12 minutes, ce qui m'a paru un peu long mais supportable. Le personnel était professionnel et ma transaction s'est bien déroulée. Une réduction du temps d'attente améliorerait l'expérience client.",2025-07-25,15,3,147
"J'ai visité une agence Bank Corp la semaine dernière. L'attente à l'intérieur était raisonnable, environ dix minutes, et le personnel s'est montré courtois et efficace. La signalisation pourrait être améliorée aux heures de pointe, mais l'expérience globale reste positive. Je reviendrai si besoin.",2025-07-27,31,4,98
"Expérience catastrophique chez Bank Corp. Attente interminable en agence (plus d'une heure sans excuse ni information), personnel indifférent, aucune gestion des files et sièges insuffisants. J'avais rendez‑vous et j'ai été oublié — une perte de temps totale. Inacceptable pour une banque soi‑disant professionnelle. Je déconseille fortement cette agence.",2025-08-24,32,5,495
"La experiencia en Bank Corp fue correcta; el/la cajero/a mostró profesionalismo y conocía los procedimientos. Resolvió mi trámite de manera eficiente y respondió mis preguntas con claridad. Aunque el tiempo de espera fue un poco largo, el servicio fue cortés y preciso. Recomendable para operaciones básicas.",2025-08-09,1,6,227
"La espera en la sucursal de Bank Corp fue algo larga: estuve alrededor de 20 minutos antes de ser atendido. El personal fue profesional y eficiente una vez que me tocó, pero el tiempo de espera podría mejorar, sobre todo en horas pico. Consideraría volver si reducen las filas.",2025-09-04,47,6,675
I visited Bank Corp's branch and waited over 45 minutes inside with no updates or apologies. Only one teller was working while a long line barely moved. Staff acted indifferent and the manager was nowhere to be found. This level of service is unacceptable — complete disrespect for customers' time. I won't be returning.,2025-06-20,2,2,47
"Der Drive-Thru bei Bank Corp ist praktisch für kurze Erledigungen, die Mitarbeiter sind höflich. Die Wartezeiten schwanken jedoch; heute war es etwas länger als erwartet. Insgesamt erfüllt der Service seinen Zweck, eine bessere Personalplanung oder ein zweites Fenster könnte die Wartezeit reduzieren.",2025-08-26,43,4,678
"J'ai visité plusieurs agences de Bank Corp. Les locaux sont généralement bien entretenus et propres, avec un mobilier fonctionnel et une signalisation claire. Quelques agences pourraient améliorer l'éclairage et l'accessibilité pour les personnes à mobilité réduite. Les salles d'attente sont correctes mais parfois bondées aux heures de pointe. Globalement, les conditions des installations répondent aux attentes, sans être remarquables.",2025-08-01,13,6,509
"Die Filiale von Bank Corp überzeugt durch hervorragende Bedingungen: modern, hell und sehr sauber. Barrierefreier Zugang, bequeme Sitzplätze, ausreichend Abstand, klare Beschilderung und ruhige Beratungsnischen sorgen für angenehme Privatsphäre. Klimatisierte Räume, saubere Toiletten, funktionierende Geldautomaten und gratis WLAN runden den Eindruck ab. Ich fühle mich dort stets willkommen und gut aufgehoben.",2025-08-17,13,6,22
"La espera dentro de la sucursal fue razonable, unos 10-15 minutos. Aunque tardé un poco, el personal fue amable y eficiente, y el sistema de turnos está bien organizado. El ambiente es tranquilo y recibí atención personalizada. En general, una experiencia positiva; podrían reducir un poco los tiempos, pero salí satisfecho.",2025-08-13,37,6,531
"I recently had a frustrating experience accessing my security deposit box at Bank Corp. Staff were slow and seemed unfamiliar with the process. My appointment was delayed by an hour, forms were inconsistent, and the vault room felt cramped with little privacy. When I asked about fees and access hours, explanations were vague and unhelpful. For something as sensitive as stored valuables, I expected clearer procedures and better service. I’m now reconsidering whether to keep my items there.",2025-09-03,33,4,267
"Pésima experiencia en la sucursal de Bank Corp. Esperé más de una hora dentro de la cola sin atención ni explicación; el personal fue indiferente y desorganizado. Servicio ineficiente, mala comunicación y total falta de respeto por el tiempo del cliente. No regresaré ni recomiendo esta sucursal.",2025-07-18,18,4,190
Expérience catastrophique chez Bank Corp. Le temps d'attente au drive est absolument inacceptable : j'ai attendu bien trop longtemps sans aucune information ni excuse. Le personnel semblait débordé et indifférent. Je déconseille fortement cet emplacement si vous comptez gagner du temps — perte de temps et frustration garanties.,2025-07-23,13,5,306
"Accès au coffre-fort chez Bank Corp : rendez-vous nécessaire, contrôles d'identité stricts et procédures de sécurité respectées. Le personnel était professionnel et les locaux sécurisés. L'attente et les horaires limités peuvent être contraignants ; pensez à vérifier les tarifs et à apporter tous les documents requis. En somme, service fonctionnel mais administratif.",2025-07-22,21,3,86
"Mon passage dans une agence Bank Corp a été globalement satisfaisant. Le conseiller s'est montré professionnel et compétent, expliquant les options clairement et répondant aux questions. L'accueil était poli, mais l'attente était un peu longue et le suivi post-rendez-vous pourrait être amélioré. En résumé, une prestation correcte en termes d'expérience et de professionnalisme, avec quelques points à optimiser.",2025-06-15,49,2,455
"Excelente experiência na agência da Bank Corp. Apesar de chegar em horário de pico, o tempo de espera foi mínimo — fui atendido rapidamente e com muita simpatia. Atendimento eficiente e organizado, sala de espera confortável. Recomendo para quem valoriza rapidez e profissionalismo.",2025-06-27,41,3,203
"Ich habe kürzlich in einer Bank Corp-Filiale mein Bankschließfach aufgesucht. Das Personal war freundlich und erklärte den Zugangsschritt geduldig. Die Sicherheitskontrollen wirkten gründlich, was mir Vertrauen gab. Der Prozess verlief insgesamt reibungslos, nur wartete ich kurz auf einen freien Schalter. Insgesamt bin ich zufrieden mit Service und Sicherheit und würde Bank Corp für Bankschließfächer empfehlen.",2025-07-10,26,5,571
"Bank Corp's drive-thru service is outstanding — I was in and out in minutes. The teller was friendly and efficient, and the line moved quickly even during lunch. Clear signage and fast processing made the experience effortless. Highly recommend Bank Corp for anyone who values speedy, courteous drive-thru service.",2025-07-22,37,3,69
"Passei pelo drive-thru do Bank Corp e foi uma experiência terrível. Esperei mais de 25 minutos sem explicação, funcionários lentos e nenhuma comunicação. Havia apenas uma janela aberta para atendimento. Cheguei atrasado a compromissos por culpa deles. Inaceitável para um banco. Não recomendo; vá lá só se quiser perder tempo.",2025-07-29,8,6,534
"Visité una sucursal de Bank Corp y la espera dentro de la oficina fue demasiado larga. Había pocas ventanillas abiertas y el personal parecía abrumado; tardé más de 45 minutos solo para ser atendido. La atención fue correcta pero fría, y no ofrecieron alternativas ni explicaciones claras. Esperaba un servicio más eficiente en una entidad conocida. Podrían mejorar la gestión de filas y la comunicación con los clientes.",2025-07-03,46,2,379
"Meine Erfahrung mit dem Schalterpersonal von Bank Corp war katastrophal. Die Mitarbeiterin war unfreundlich, offenbar überfordert, machte Fehler bei meiner Einzahlung und reagierte abweisend, als ich es ansprach. Keine Entschuldigung, keine Lösung — reine Zeitverschwendung. Nie wieder.",2025-08-05,16,6,143
"As instalações da Bank Corp são impecáveis: ambiente limpo, bem iluminado e climatizado, cadeiras confortáveis e sinalização clara. A acessibilidade é excelente, com rampas e atendimento prioritário. Banheiros e área de espera bem conservados; estacionamento amplo e seguro. Senti-me acolhido e confiante em realizar minhas operações. Recomendo pela ótima conservação e atenção aos detalhes.",2025-07-25,33,4,254
"Excelente experiencia al acceder a mi caja de seguridad en Bank Corp. El personal fue muy profesional, amable y eficiente; el proceso fue rápido y sencillo. Las instalaciones están impecables y me sentí totalmente segura con las medidas de protección. Además, los horarios son convenientes. Recomiendo totalmente este servicio a quien busque tranquilidad y buen trato.",2025-06-22,3,5,647
"I visited a Bank Corp branch recently and was disappointed by the long wait inside. Even with an appointment I waited nearly 30 minutes without updates from staff. Service was polite once I was helped, but the slow, disorganized flow made the visit frustrating. Expect delays.",2025-07-15,40,3,78
